DROP TABLE IF EXISTS topics;
DROP TABLE IF EXISTS users;
CREATE TABLE users (
  id bigint PRIMARY KEY,
  username VARCHAR(50) UNIQUE NOT NULL,
  birthday DATE,
  email_confirmed BOOLEAN,
  email VARCHAR(255) UNIQUE NOT NULL,
  gender VARCHAR(255) NOT NULL,
  password_digest VARCHAR(255) NOT NULL,
  first_name VARCHAR(50),
  last_name VARCHAR(50),
  created_at TIMESTAMP NOT NULL
);

CREATE TABLE topics (
  id bigint PRIMARY KEY,
  user_id bigint REFERENCES users(id) NOT NULL,
  title varchar(255),
  body text,
  created_at TIMESTAMP NOT NULL
);

CREATE TABLE courses (
  id bigint PRIMARY KEY,
  name varchar(255),
  body text,
  created_at timestamp
);

CREATE TABLE course_members (
  id bigint PRIMARY KEY,
  user_id bigint REFERENCES users(id) NOT NULL,
  course_id bigint REFERENCES courses(id) NOT NULL,
  created_at timestamp
);

CREATE TABLE course_reviews (
  id bigint PRIMARY KEY,
  course_member_id bigint REFERENCES course_members(id) NOT NULL,
  course_id bigint REFERENCES courses(id) NOT NULL,
  user_id bigint REFERENCES users(id) NOT NULL,
  spent_minutes int NOT NULL,
  rating int,
  body text,
  created_at timestamp
);

insert into "users" ("birthday", "created_at", "email", "first_name", "gender", "id", "last_name", "password_digest", "username") values ('2022-05-25 06:39:51.694', '2022-06-14 18:31:05.296', 'Trevion53@yahoo.com', 'Lucienne', 'female', 1, 'Feil', 'e3b0c44298fc1c149afbf4c8996fb92427ae41e4649b934ca495991b7852b855', 'Duncan3');
insert into "users" ("birthday", "created_at", "email", "first_name", "gender", "id", "last_name", "password_digest", "username") values ('2022-01-13 22:38:14.676', '2022-06-14 02:04:13.104', 'Baylee52@yahoo.com', 'Ramiro', 'female', 2, 'Wolf', 'e3b0c44298fc1c149afbf4c8996fb92427ae41e4649b934ca495991b7852b855', 'Michaela11');
insert into "users" ("birthday", "created_at", "email", "first_name", "gender", "id", "last_name", "password_digest", "username") values ('2022-04-21 06:33:51.918', '2022-06-14 02:28:26.058', 'Casimer_Cronin@yahoo.com', 'Maureen', 'female', 3, 'Romaguera', 'e3b0c44298fc1c149afbf4c8996fb92427ae41e4649b934ca495991b7852b855', 'Margarete_Hegmann6');
insert into "users" ("birthday", "created_at", "email", "first_name", "gender", "id", "last_name", "password_digest", "username") values ('2021-10-31 01:29:21.161', '2022-06-13 22:36:55.322', 'Angelita.Altenwerth96@hotmail.com', 'Jennyfer', 'male', 4, 'Flatley', 'e3b0c44298fc1c149afbf4c8996fb92427ae41e4649b934ca495991b7852b855', 'Kayley.Turcotte98');
insert into "users" ("birthday", "created_at", "email", "first_name", "gender", "id", "last_name", "password_digest", "username") values ('2021-07-25 11:13:21.351', '2022-06-14 03:58:13.205', 'Hobart91@hotmail.com', 'Caleigh', 'female', 5, 'Connelly', 'e3b0c44298fc1c149afbf4c8996fb92427ae41e4649b934ca495991b7852b855', 'Curtis_Baumbach');
insert into "users" ("birthday", "created_at", "email", "first_name", "gender", "id", "last_name", "password_digest", "username") values ('2022-02-07 03:39:28.998', '2022-06-14 16:16:20.648', 'Kenya_Legros17@yahoo.com', 'Whitney', 'female', 6, 'Jenkins', 'e3b0c44298fc1c149afbf4c8996fb92427ae41e4649b934ca495991b7852b855', 'Leola.Ward');
insert into "users" ("birthday", "created_at", "email", "first_name", "gender", "id", "last_name", "password_digest", "username") values ('2022-04-13 04:56:36.352', '2022-06-14 10:03:53.400', 'Kiera73@hotmail.com', 'Prudence', 'female', 7, 'McGlynn', 'e3b0c44298fc1c149afbf4c8996fb92427ae41e4649b934ca495991b7852b855', 'Stan_Sauer4');
insert into "users" ("birthday", "created_at", "email", "first_name", "gender", "id", "last_name", "password_digest", "username") values ('2021-12-06 10:29:25.339', '2022-06-13 21:38:32.637', 'Baby_Wintheiser@hotmail.com', 'Abigale', 'female', 8, 'Turner', 'e3b0c44298fc1c149afbf4c8996fb92427ae41e4649b934ca495991b7852b855', 'Bernie.Crooks');
insert into "users" ("birthday", "created_at", "email", "first_name", "gender", "id", "last_name", "password_digest", "username") values ('2022-03-05 22:15:55.168', '2022-06-14 17:54:00.092', 'Wyatt9@hotmail.com', 'Phyllis', 'female', 9, 'Kassulke', 'e3b0c44298fc1c149afbf4c8996fb92427ae41e4649b934ca495991b7852b855', 'Woodrow14');
insert into "users" ("birthday", "created_at", "email", "first_name", "gender", "id", "last_name", "password_digest", "username") values ('2021-06-15 01:06:02.336', '2022-06-14 14:14:33.318', 'Dorian31@gmail.com', 'Kelli', 'male', 10, 'Zemlak', 'e3b0c44298fc1c149afbf4c8996fb92427ae41e4649b934ca495991b7852b855', 'Berta.Trantow');
insert into "users" ("birthday", "created_at", "email", "first_name", "gender", "id", "last_name", "password_digest", "username") values ('2021-10-11 10:10:58.006', '2022-06-14 11:06:57.904', 'Kendall_Aufderhar@gmail.com', 'Alvera', 'female', 11, 'Bergnaum', 'e3b0c44298fc1c149afbf4c8996fb92427ae41e4649b934ca495991b7852b855', 'Winston.Mann24');
insert into "users" ("birthday", "created_at", "email", "first_name", "gender", "id", "last_name", "password_digest", "username") values ('2021-12-29 13:00:59.919', '2022-06-14 13:10:36.133', 'Cole.Paucek@yahoo.com', 'Lela', 'female', 12, 'Mayer', 'e3b0c44298fc1c149afbf4c8996fb92427ae41e4649b934ca495991b7852b855', 'Abelardo58');
insert into "users" ("birthday", "created_at", "email", "first_name", "gender", "id", "last_name", "password_digest", "username") values ('2021-12-12 14:47:59.654', '2022-06-13 20:59:54.222', 'Tyree89@yahoo.com', 'Alfreda', 'female', 13, 'Hermann', 'e3b0c44298fc1c149afbf4c8996fb92427ae41e4649b934ca495991b7852b855', 'Tina_Huels');
insert into "users" ("birthday", "created_at", "email", "first_name", "gender", "id", "last_name", "password_digest", "username") values ('2022-03-14 00:44:19.331', '2022-06-14 01:55:27.078', 'Marlon69@yahoo.com', 'Zoe', 'male', 14, 'Beier', 'e3b0c44298fc1c149afbf4c8996fb92427ae41e4649b934ca495991b7852b855', 'Frank_Murazik97');
insert into "users" ("birthday", "created_at", "email", "first_name", "gender", "id", "last_name", "password_digest", "username") values ('2022-03-28 00:43:38.251', '2022-06-13 23:08:50.096', 'Anika_OReilly58@gmail.com', 'Esteban', 'female', 15, 'Von', 'e3b0c44298fc1c149afbf4c8996fb92427ae41e4649b934ca495991b7852b855', 'Gia67');
insert into "users" ("birthday", "created_at", "email", "first_name", "gender", "id", "last_name", "password_digest", "username") values ('2021-06-16 10:16:42.218', '2022-06-13 20:45:36.590', 'Dewayne_Lueilwitz69@hotmail.com', 'Abe', 'male', 16, 'Funk', 'e3b0c44298fc1c149afbf4c8996fb92427ae41e4649b934ca495991b7852b855', 'Davonte78');
insert into "users" ("birthday", "created_at", "email", "first_name", "gender", "id", "last_name", "password_digest", "username") values ('2022-02-12 06:31:23.527', '2022-06-14 07:07:03.123', 'Filomena.Hodkiewicz@yahoo.com', 'Edyth', 'female', 17, 'Wiegand', 'e3b0c44298fc1c149afbf4c8996fb92427ae41e4649b934ca495991b7852b855', 'Mercedes14');
insert into "users" ("birthday", "created_at", "email", "first_name", "gender", "id", "last_name", "password_digest", "username") values ('2021-09-25 18:16:02.805', '2022-06-14 00:00:02.178', 'Rashawn.Altenwerth@gmail.com', 'Flavie', 'male', 18, 'Marquardt', 'e3b0c44298fc1c149afbf4c8996fb92427ae41e4649b934ca495991b7852b855', 'Saul25');
insert into "users" ("birthday", "created_at", "email", "first_name", "gender", "id", "last_name", "password_digest", "username") values ('2022-06-04 21:46:25.552', '2022-06-14 04:53:43.531', 'Dallin_Lebsack88@hotmail.com', 'Jorge', 'male', 19, 'Homenick', 'e3b0c44298fc1c149afbf4c8996fb92427ae41e4649b934ca495991b7852b855', 'Gregory9');
insert into "users" ("birthday", "created_at", "email", "first_name", "gender", "id", "last_name", "password_digest", "username") values ('2021-10-15 12:46:41.799', '2022-06-13 23:04:10.450', 'Marvin_Hettinger24@yahoo.com', 'Sim', 'female', 20, 'Orn', 'e3b0c44298fc1c149afbf4c8996fb92427ae41e4649b934ca495991b7852b855', 'Kenyatta70');
insert into "users" ("birthday", "created_at", "email", "first_name", "gender", "id", "last_name", "password_digest", "username") values ('2022-02-27 11:22:32.328', '2022-06-14 04:22:52.024', 'Audrey.Gibson@yahoo.com', 'Nicolas', 'female', 21, 'Kreiger', 'e3b0c44298fc1c149afbf4c8996fb92427ae41e4649b934ca495991b7852b855', 'Connie.Frami');
insert into "users" ("birthday", "created_at", "email", "first_name", "gender", "id", "last_name", "password_digest", "username") values ('2022-01-10 12:44:39.316', '2022-06-14 19:27:57.066', 'Daniella.Pfeffer46@yahoo.com', 'Princess', 'male', 22, 'Schmitt', 'e3b0c44298fc1c149afbf4c8996fb92427ae41e4649b934ca495991b7852b855', 'Carlotta9');
insert into "users" ("birthday", "created_at", "email", "first_name", "gender", "id", "last_name", "password_digest", "username") values ('2021-09-17 18:20:05.024', '2022-06-13 23:32:37.838', 'Melany_Pfeffer87@hotmail.com', 'Dangelo', 'female', 23, 'Jacobi', 'e3b0c44298fc1c149afbf4c8996fb92427ae41e4649b934ca495991b7852b855', 'Constantin.Heathcote');
insert into "users" ("birthday", "created_at", "email", "first_name", "gender", "id", "last_name", "password_digest", "username") values ('2022-01-29 18:03:13.397', '2022-06-14 15:29:03.371', 'Claude30@gmail.com', 'Mable', 'male', 24, 'Hagenes', 'e3b0c44298fc1c149afbf4c8996fb92427ae41e4649b934ca495991b7852b855', 'Maida_Boehm63');
insert into "users" ("birthday", "created_at", "email", "first_name", "gender", "id", "last_name", "password_digest", "username") values ('2021-10-13 23:53:10.632', '2022-06-14 11:03:53.263', 'Matteo.Vandervort@yahoo.com', 'Hilbert', 'female', 25, 'Dicki', 'e3b0c44298fc1c149afbf4c8996fb92427ae41e4649b934ca495991b7852b855', 'Dorcas47');
insert into "users" ("birthday", "created_at", "email", "first_name", "gender", "id", "last_name", "password_digest", "username") values ('2021-07-09 11:04:54.114', '2022-06-14 13:19:03.167', 'Vincenza_Mertz@gmail.com', 'Andy', 'female', 26, 'Huel', 'e3b0c44298fc1c149afbf4c8996fb92427ae41e4649b934ca495991b7852b855', 'Kevon_Howe');
insert into "users" ("birthday", "created_at", "email", "first_name", "gender", "id", "last_name", "password_digest", "username") values ('2021-10-09 14:01:11.430', '2022-06-14 08:37:23.107', 'Jasen_DAmore94@gmail.com', 'Jarrod', 'female', 27, 'Schumm', 'e3b0c44298fc1c149afbf4c8996fb92427ae41e4649b934ca495991b7852b855', 'Ramona.Johnson');
insert into "users" ("birthday", "created_at", "email", "first_name", "gender", "id", "last_name", "password_digest", "username") values ('2021-07-04 16:17:00.004', '2022-06-14 00:13:08.368', 'Karianne_Treutel@gmail.com', 'August', 'male', 28, 'Konopelski', 'e3b0c44298fc1c149afbf4c8996fb92427ae41e4649b934ca495991b7852b855', 'Wilhelmine76');
insert into "users" ("birthday", "created_at", "email", "first_name", "gender", "id", "last_name", "password_digest", "username") values ('2021-10-21 20:09:43.865', '2022-06-13 23:29:47.799', 'Eldora_Heller73@hotmail.com', 'Harold', 'male', 29, 'Goyette', 'e3b0c44298fc1c149afbf4c8996fb92427ae41e4649b934ca495991b7852b855', 'Ephraim_Macejkovic74');
insert into "users" ("birthday", "created_at", "email", "first_name", "gender", "id", "last_name", "password_digest", "username") values ('2022-02-22 18:10:24.313', '2022-06-14 20:24:34.485', 'Sheridan69@hotmail.com', 'Lelia', 'male', 30, 'Herzog', 'e3b0c44298fc1c149afbf4c8996fb92427ae41e4649b934ca495991b7852b855', 'Jensen_Raynor61');
insert into "users" ("birthday", "created_at", "email", "first_name", "gender", "id", "last_name", "password_digest", "username") values ('2022-05-22 18:30:23.238', '2022-06-14 07:09:32.045', 'Rocio7@hotmail.com', 'Kaelyn', 'male', 31, 'Will', 'e3b0c44298fc1c149afbf4c8996fb92427ae41e4649b934ca495991b7852b855', 'Kendall50');
insert into "users" ("birthday", "created_at", "email", "first_name", "gender", "id", "last_name", "password_digest", "username") values ('2021-11-25 18:02:23.687', '2022-06-13 21:51:02.287', 'Justina_Weimann@hotmail.com', 'Rosa', 'female', 32, 'Connelly', 'e3b0c44298fc1c149afbf4c8996fb92427ae41e4649b934ca495991b7852b855', 'Hallie.Howe79');
insert into "users" ("birthday", "created_at", "email", "first_name", "gender", "id", "last_name", "password_digest", "username") values ('2022-01-17 05:11:03.693', '2022-06-14 19:30:46.438', 'Hiram.Schowalter24@hotmail.com', 'Alfredo', 'female', 33, 'Sipes', 'e3b0c44298fc1c149afbf4c8996fb92427ae41e4649b934ca495991b7852b855', 'Alanna99');
insert into "users" ("birthday", "created_at", "email", "first_name", "gender", "id", "last_name", "password_digest", "username") values ('2021-09-15 13:33:44.243', '2022-06-14 13:18:29.695', 'Elizabeth58@yahoo.com', 'Alejandrin', 'male', 34, 'Nicolas', 'e3b0c44298fc1c149afbf4c8996fb92427ae41e4649b934ca495991b7852b855', 'Jaylen_Feeney13');
insert into "users" ("birthday", "created_at", "email", "first_name", "gender", "id", "last_name", "password_digest", "username") values ('2022-02-26 10:32:46.945', '2022-06-14 19:49:49.777', 'Jaleel.Littel@gmail.com', 'Hershel', 'female', 35, 'Schuster', 'e3b0c44298fc1c149afbf4c8996fb92427ae41e4649b934ca495991b7852b855', 'Prudence_Reichel');
insert into "users" ("birthday", "created_at", "email", "first_name", "gender", "id", "last_name", "password_digest", "username") values ('2021-09-28 14:54:26.919', '2022-06-14 19:39:27.794', 'Josie.Mante@yahoo.com', 'Kian', 'female', 36, 'Heathcote', 'e3b0c44298fc1c149afbf4c8996fb92427ae41e4649b934ca495991b7852b855', 'Name_Boyer');
insert into "users" ("birthday", "created_at", "email", "first_name", "gender", "id", "last_name", "password_digest", "username") values ('2022-01-22 23:08:22.518', '2022-06-14 08:27:51.315', 'Lina59@hotmail.com', 'Alvena', 'female', 37, 'Rutherford', 'e3b0c44298fc1c149afbf4c8996fb92427ae41e4649b934ca495991b7852b855', 'Jailyn.Waters');
insert into "users" ("birthday", "created_at", "email", "first_name", "gender", "id", "last_name", "password_digest", "username") values ('2021-08-11 14:27:22.328', '2022-06-13 22:49:59.142', 'Hailie.McLaughlin64@gmail.com', 'Noel', 'female', 38, 'Wehner', 'e3b0c44298fc1c149afbf4c8996fb92427ae41e4649b934ca495991b7852b855', 'Darron.Mann');
insert into "users" ("birthday", "created_at", "email", "first_name", "gender", "id", "last_name", "password_digest", "username") values ('2021-09-29 00:59:17.017', '2022-06-14 07:35:06.735', 'Crawford64@yahoo.com', 'Marco', 'female', 39, 'Mertz', 'e3b0c44298fc1c149afbf4c8996fb92427ae41e4649b934ca495991b7852b855', 'Alfonzo_Lehner');
insert into "users" ("birthday", "created_at", "email", "first_name", "gender", "id", "last_name", "password_digest", "username") values ('2022-01-16 05:32:28.486', '2022-06-14 10:59:07.262', 'Bernardo.Stiedemann16@gmail.com', 'Eden', 'male', 40, 'Stamm', 'e3b0c44298fc1c149afbf4c8996fb92427ae41e4649b934ca495991b7852b855', 'Rosalee.Barrows25');
insert into "users" ("birthday", "created_at", "email", "first_name", "gender", "id", "last_name", "password_digest", "username") values ('2021-09-24 05:13:37.689', '2022-06-14 07:04:34.431', 'Annabelle_Kohler@hotmail.com', 'Nayeli', 'female', 41, 'Marquardt', 'e3b0c44298fc1c149afbf4c8996fb92427ae41e4649b934ca495991b7852b855', 'Christop.Dare50');
insert into "users" ("birthday", "created_at", "email", "first_name", "gender", "id", "last_name", "password_digest", "username") values ('2022-05-22 12:28:04.777', '2022-06-14 03:35:35.912', 'Dale.Herman30@yahoo.com', 'Valentine', 'female', 42, 'Oberbrunner', 'e3b0c44298fc1c149afbf4c8996fb92427ae41e4649b934ca495991b7852b855', 'Thurman_Bins53');
insert into "users" ("birthday", "created_at", "email", "first_name", "gender", "id", "last_name", "password_digest", "username") values ('2022-04-20 23:29:44.907', '2022-06-14 17:36:10.006', 'Monserrat.Carter64@hotmail.com', 'Sammie', 'female', 43, 'Quitzon', 'e3b0c44298fc1c149afbf4c8996fb92427ae41e4649b934ca495991b7852b855', 'Kristofer_Lubowitz');
insert into "users" ("birthday", "created_at", "email", "first_name", "gender", "id", "last_name", "password_digest", "username") values ('2022-02-23 15:40:49.481', '2022-06-14 18:28:10.986', 'Torey_Heller@gmail.com', 'Rosina', 'male', 44, 'Lynch', 'e3b0c44298fc1c149afbf4c8996fb92427ae41e4649b934ca495991b7852b855', 'Amely1');
insert into "users" ("birthday", "created_at", "email", "first_name", "gender", "id", "last_name", "password_digest", "username") values ('2022-03-22 13:08:10.479', '2022-06-14 16:38:55.832', 'Odessa50@hotmail.com', 'Neoma', 'female', 45, 'Pfeffer', 'e3b0c44298fc1c149afbf4c8996fb92427ae41e4649b934ca495991b7852b855', 'Zoey24');
insert into "users" ("birthday", "created_at", "email", "first_name", "gender", "id", "last_name", "password_digest", "username") values ('2022-02-08 21:39:33.056', '2022-06-13 20:58:22.247', 'Celine.Hand70@yahoo.com', 'Samir', 'female', 46, 'Okuneva', 'e3b0c44298fc1c149afbf4c8996fb92427ae41e4649b934ca495991b7852b855', 'Edd_Harris');
insert into "users" ("birthday", "created_at", "email", "first_name", "gender", "id", "last_name", "password_digest", "username") values ('2021-09-15 10:08:26.924', '2022-06-14 08:06:19.631', 'Electa60@gmail.com', 'Helena', 'female', 47, 'Herzog', 'e3b0c44298fc1c149afbf4c8996fb92427ae41e4649b934ca495991b7852b855', 'Dominique_Lang');
insert into "users" ("birthday", "created_at", "email", "first_name", "gender", "id", "last_name", "password_digest", "username") values ('2021-07-06 14:04:37.718', '2022-06-14 13:09:28.714', 'Gus20@gmail.com', 'Shayna', 'male', 48, 'Boehm', 'e3b0c44298fc1c149afbf4c8996fb92427ae41e4649b934ca495991b7852b855', 'Isabell33');
insert into "users" ("birthday", "created_at", "email", "first_name", "gender", "id", "last_name", "password_digest", "username") values ('2022-04-02 14:40:18.017', '2022-06-14 19:13:36.398', 'Gwen_Mayer@hotmail.com', 'Jess', 'male', 49, 'Lindgren', 'e3b0c44298fc1c149afbf4c8996fb92427ae41e4649b934ca495991b7852b855', 'Janick.Becker46');
insert into "users" ("birthday", "created_at", "email", "first_name", "gender", "id", "last_name", "password_digest", "username") values ('2022-03-03 14:07:51.220', '2022-06-14 19:53:15.086', 'Milford24@hotmail.com', 'Sydni', 'male', 50, 'Weimann', 'e3b0c44298fc1c149afbf4c8996fb92427ae41e4649b934ca495991b7852b855', 'Kareem12');
insert into "users" ("birthday", "created_at", "email", "first_name", "gender", "id", "last_name", "password_digest", "username") values ('2021-11-06 09:23:27.934', '2022-06-14 14:24:11.545', 'Chris22@yahoo.com', 'Ricky', 'male', 51, 'Grant', 'e3b0c44298fc1c149afbf4c8996fb92427ae41e4649b934ca495991b7852b855', 'Payton55');
insert into "users" ("birthday", "created_at", "email", "first_name", "gender", "id", "last_name", "password_digest", "username") values ('2022-03-09 13:42:10.105', '2022-06-14 14:12:57.099', 'Alva_Leuschke@gmail.com', 'Charles', 'male', 52, 'Bins', 'e3b0c44298fc1c149afbf4c8996fb92427ae41e4649b934ca495991b7852b855', 'Reynold94');
insert into "users" ("birthday", "created_at", "email", "first_name", "gender", "id", "last_name", "password_digest", "username") values ('2022-01-30 21:25:12.557', '2022-06-14 13:54:33.527', 'Jaylin.Abbott76@gmail.com', 'Reanna', 'male', 53, 'Kassulke', 'e3b0c44298fc1c149afbf4c8996fb92427ae41e4649b934ca495991b7852b855', 'Frieda_Schulist19');
insert into "users" ("birthday", "created_at", "email", "first_name", "gender", "id", "last_name", "password_digest", "username") values ('2021-06-29 18:43:57.665', '2022-06-14 10:07:17.591', 'Brianne.OKon75@gmail.com', 'Brayan', 'female', 54, 'Senger', 'e3b0c44298fc1c149afbf4c8996fb92427ae41e4649b934ca495991b7852b855', 'Tina.Gerhold21');
insert into "users" ("birthday", "created_at", "email", "first_name", "gender", "id", "last_name", "password_digest", "username") values ('2022-04-14 20:04:24.512', '2022-06-14 05:36:01.847', 'Joshua.Lesch24@yahoo.com', 'Mara', 'female', 55, 'Marquardt', 'e3b0c44298fc1c149afbf4c8996fb92427ae41e4649b934ca495991b7852b855', 'Berta.Mueller');
insert into "users" ("birthday", "created_at", "email", "first_name", "gender", "id", "last_name", "password_digest", "username") values ('2021-07-17 09:34:30.047', '2022-06-14 10:25:15.413', 'Clark62@hotmail.com', 'Vladimir', 'male', 56, 'Klein', 'e3b0c44298fc1c149afbf4c8996fb92427ae41e4649b934ca495991b7852b855', 'Jordy96');
insert into "users" ("birthday", "created_at", "email", "first_name", "gender", "id", "last_name", "password_digest", "username") values ('2022-03-20 02:58:16.878', '2022-06-14 02:49:13.980', 'Roman.Gibson@gmail.com', 'Laron', 'male', 57, 'Lebsack', 'e3b0c44298fc1c149afbf4c8996fb92427ae41e4649b934ca495991b7852b855', 'Casimir.Wilkinson88');
insert into "users" ("birthday", "created_at", "email", "first_name", "gender", "id", "last_name", "password_digest", "username") values ('2022-03-09 11:34:49.627', '2022-06-14 13:10:08.010', 'Palma67@yahoo.com', 'Natasha', 'male', 58, 'O''Reilly', 'e3b0c44298fc1c149afbf4c8996fb92427ae41e4649b934ca495991b7852b855', 'Alena17');
insert into "users" ("birthday", "created_at", "email", "first_name", "gender", "id", "last_name", "password_digest", "username") values ('2021-08-17 12:08:55.769', '2022-06-14 20:07:58.356', 'Evie_Franey72@gmail.com', 'Arne', 'female', 59, 'Hudson', 'e3b0c44298fc1c149afbf4c8996fb92427ae41e4649b934ca495991b7852b855', 'Sylvan_Nader');
insert into "users" ("birthday", "created_at", "email", "first_name", "gender", "id", "last_name", "password_digest", "username") values ('2021-06-23 13:30:49.279', '2022-06-14 08:41:05.334', 'Amya.Collier@gmail.com', 'Virginie', 'female', 60, 'Botsford', 'e3b0c44298fc1c149afbf4c8996fb92427ae41e4649b934ca495991b7852b855', 'Joelle60');
insert into "users" ("birthday", "created_at", "email", "first_name", "gender", "id", "last_name", "password_digest", "username") values ('2022-03-07 05:24:26.917', '2022-06-13 20:49:36.072', 'Margarett4@hotmail.com', 'Johan', 'female', 61, 'Ratke', 'e3b0c44298fc1c149afbf4c8996fb92427ae41e4649b934ca495991b7852b855', 'Carmela.Raynor42');
insert into "users" ("birthday", "created_at", "email", "first_name", "gender", "id", "last_name", "password_digest", "username") values ('2022-02-12 11:58:59.262', '2022-06-14 08:04:34.644', 'Vladimir.Thiel2@yahoo.com', 'Otis', 'female', 62, 'Bernier', 'e3b0c44298fc1c149afbf4c8996fb92427ae41e4649b934ca495991b7852b855', 'Kennedy_Halvorson');
insert into "users" ("birthday", "created_at", "email", "first_name", "gender", "id", "last_name", "password_digest", "username") values ('2022-01-24 23:16:01.868', '2022-06-14 06:51:48.005', 'Ephraim.Pfeffer31@hotmail.com', 'Leilani', 'male', 63, 'Lebsack', 'e3b0c44298fc1c149afbf4c8996fb92427ae41e4649b934ca495991b7852b855', 'Amiya67');
insert into "users" ("birthday", "created_at", "email", "first_name", "gender", "id", "last_name", "password_digest", "username") values ('2021-11-13 09:14:21.264', '2022-06-14 11:22:08.015', 'Lea2@hotmail.com', 'Laron', 'female', 64, 'Schoen', 'e3b0c44298fc1c149afbf4c8996fb92427ae41e4649b934ca495991b7852b855', 'Carlie_Tremblay96');
insert into "users" ("birthday", "created_at", "email", "first_name", "gender", "id", "last_name", "password_digest", "username") values ('2021-10-29 16:30:52.943', '2022-06-14 15:47:52.239', 'Dion_Jenkins@gmail.com', 'Garret', 'male', 65, 'Rempel', 'e3b0c44298fc1c149afbf4c8996fb92427ae41e4649b934ca495991b7852b855', 'Sean_Reilly');
insert into "users" ("birthday", "created_at", "email", "first_name", "gender", "id", "last_name", "password_digest", "username") values ('2022-05-09 14:55:40.628', '2022-06-14 02:10:27.842', 'Jaunita_Gislason81@yahoo.com', 'Jack', 'female', 66, 'Kilback', 'e3b0c44298fc1c149afbf4c8996fb92427ae41e4649b934ca495991b7852b855', 'Trevion.Carter');
insert into "users" ("birthday", "created_at", "email", "first_name", "gender", "id", "last_name", "password_digest", "username") values ('2021-12-21 19:41:46.676', '2022-06-13 20:49:39.486', 'Cecile.Skiles@gmail.com', 'Ofelia', 'female', 67, 'Stroman', 'e3b0c44298fc1c149afbf4c8996fb92427ae41e4649b934ca495991b7852b855', 'Gertrude_Hand29');
insert into "users" ("birthday", "created_at", "email", "first_name", "gender", "id", "last_name", "password_digest", "username") values ('2021-08-18 04:52:25.403', '2022-06-14 17:12:54.909', 'Kylie12@yahoo.com', 'Paula', 'male', 68, 'Harvey', 'e3b0c44298fc1c149afbf4c8996fb92427ae41e4649b934ca495991b7852b855', 'Jabari10');
insert into "users" ("birthday", "created_at", "email", "first_name", "gender", "id", "last_name", "password_digest", "username") values ('2021-07-16 09:37:23.376', '2022-06-14 07:38:15.517', 'Sibyl65@yahoo.com', 'Felipe', 'male', 69, 'Ruecker', 'e3b0c44298fc1c149afbf4c8996fb92427ae41e4649b934ca495991b7852b855', 'Delphine_Bailey');
insert into "users" ("birthday", "created_at", "email", "first_name", "gender", "id", "last_name", "password_digest", "username") values ('2021-08-30 21:36:45.798', '2022-06-14 13:51:32.851', 'Anya.Emmerich@yahoo.com', 'Karlie', 'female', 70, 'Feeney', 'e3b0c44298fc1c149afbf4c8996fb92427ae41e4649b934ca495991b7852b855', 'Javier.Pfeffer36');
insert into "users" ("birthday", "created_at", "email", "first_name", "gender", "id", "last_name", "password_digest", "username") values ('2022-04-12 02:40:30.334', '2022-06-14 03:00:59.441', 'Kathlyn_Dicki@gmail.com', 'Matilde', 'female', 71, 'Stiedemann', 'e3b0c44298fc1c149afbf4c8996fb92427ae41e4649b934ca495991b7852b855', 'Rachael72');
insert into "users" ("birthday", "created_at", "email", "first_name", "gender", "id", "last_name", "password_digest", "username") values ('2022-03-27 17:27:48.035', '2022-06-14 05:44:25.070', 'Fernando.Lakin@hotmail.com', 'Virgie', 'male', 72, 'Hayes', 'e3b0c44298fc1c149afbf4c8996fb92427ae41e4649b934ca495991b7852b855', 'Filiberto.Wolf');
insert into "users" ("birthday", "created_at", "email", "first_name", "gender", "id", "last_name", "password_digest", "username") values ('2021-08-22 01:09:47.267', '2022-06-14 14:49:26.724', 'Zoey_Ziemann@hotmail.com', 'Jasper', 'male', 73, 'Hilll', 'e3b0c44298fc1c149afbf4c8996fb92427ae41e4649b934ca495991b7852b855', 'Carter_Skiles');
insert into "users" ("birthday", "created_at", "email", "first_name", "gender", "id", "last_name", "password_digest", "username") values ('2022-04-01 13:57:56.630', '2022-06-13 21:45:12.020', 'Chance_Moen@gmail.com', 'Minerva', 'female', 74, 'Keeling', 'e3b0c44298fc1c149afbf4c8996fb92427ae41e4649b934ca495991b7852b855', 'Pasquale.Murphy');
insert into "users" ("birthday", "created_at", "email", "first_name", "gender", "id", "last_name", "password_digest", "username") values ('2022-02-05 00:46:28.784', '2022-06-14 14:35:23.301', 'Zoey88@gmail.com', 'Lysanne', 'male', 75, 'Kemmer', 'e3b0c44298fc1c149afbf4c8996fb92427ae41e4649b934ca495991b7852b855', 'Winston16');
insert into "users" ("birthday", "created_at", "email", "first_name", "gender", "id", "last_name", "password_digest", "username") values ('2022-05-07 06:59:34.951', '2022-06-14 20:35:08.411', 'Zella_Tromp@yahoo.com', 'Gene', 'female', 76, 'West', 'e3b0c44298fc1c149afbf4c8996fb92427ae41e4649b934ca495991b7852b855', 'Janet.Bernier14');
insert into "users" ("birthday", "created_at", "email", "first_name", "gender", "id", "last_name", "password_digest", "username") values ('2021-11-13 18:18:02.351', '2022-06-14 14:38:48.861', 'Rosella41@hotmail.com', 'Stella', 'male', 77, 'Rath', 'e3b0c44298fc1c149afbf4c8996fb92427ae41e4649b934ca495991b7852b855', 'Kiana38');
insert into "users" ("birthday", "created_at", "email", "first_name", "gender", "id", "last_name", "password_digest", "username") values ('2021-07-31 09:32:47.327', '2022-06-14 20:13:38.385', 'Jaylin69@hotmail.com', 'Angelica', 'female', 78, 'Donnelly', 'e3b0c44298fc1c149afbf4c8996fb92427ae41e4649b934ca495991b7852b855', 'Tania77');
insert into "users" ("birthday", "created_at", "email", "first_name", "gender", "id", "last_name", "password_digest", "username") values ('2022-01-31 09:26:46.888', '2022-06-14 05:24:39.743', 'Beulah35@gmail.com', 'Oran', 'female', 79, 'Kunze', 'e3b0c44298fc1c149afbf4c8996fb92427ae41e4649b934ca495991b7852b855', 'Mya.Mueller8');
insert into "users" ("birthday", "created_at", "email", "first_name", "gender", "id", "last_name", "password_digest", "username") values ('2022-06-07 22:19:34.193', '2022-06-14 08:24:04.273', 'Oswaldo.Franey@yahoo.com', 'Mabel', 'male', 80, 'Muller', 'e3b0c44298fc1c149afbf4c8996fb92427ae41e4649b934ca495991b7852b855', 'Lamar.Rice63');
insert into "users" ("birthday", "created_at", "email", "first_name", "gender", "id", "last_name", "password_digest", "username") values ('2022-02-23 23:00:53.993', '2022-06-14 00:45:17.935', 'Camylle.Russel79@yahoo.com', 'Leanne', 'male', 81, 'Nicolas', 'e3b0c44298fc1c149afbf4c8996fb92427ae41e4649b934ca495991b7852b855', 'Kayleigh_Rice93');
insert into "users" ("birthday", "created_at", "email", "first_name", "gender", "id", "last_name", "password_digest", "username") values ('2021-07-03 10:33:05.600', '2022-06-14 08:29:41.759', 'Davin27@gmail.com', 'Lavina', 'male', 82, 'Kuhn', 'e3b0c44298fc1c149afbf4c8996fb92427ae41e4649b934ca495991b7852b855', 'Kira94');
insert into "users" ("birthday", "created_at", "email", "first_name", "gender", "id", "last_name", "password_digest", "username") values ('2021-06-25 02:59:24.336', '2022-06-14 08:15:58.705', 'Celestino81@hotmail.com', 'Shaun', 'male', 83, 'Nitzsche', 'e3b0c44298fc1c149afbf4c8996fb92427ae41e4649b934ca495991b7852b855', 'Declan_Borer');
insert into "users" ("birthday", "created_at", "email", "first_name", "gender", "id", "last_name", "password_digest", "username") values ('2021-09-30 17:09:55.340', '2022-06-14 12:19:02.352', 'Ashlynn.Lind1@yahoo.com', 'Luis', 'male', 84, 'Balistreri', 'e3b0c44298fc1c149afbf4c8996fb92427ae41e4649b934ca495991b7852b855', 'Verona_Powlowski');
insert into "users" ("birthday", "created_at", "email", "first_name", "gender", "id", "last_name", "password_digest", "username") values ('2021-09-14 12:30:42.753', '2022-06-14 07:38:14.024', 'Ronny.Braun70@hotmail.com', 'Araceli', 'male', 85, 'Wisozk', 'e3b0c44298fc1c149afbf4c8996fb92427ae41e4649b934ca495991b7852b855', 'Brenden_Adams17');
insert into "users" ("birthday", "created_at", "email", "first_name", "gender", "id", "last_name", "password_digest", "username") values ('2022-04-30 03:00:57.127', '2022-06-14 02:29:01.475', 'Darrion_Yost@hotmail.com', 'Anderson', 'female', 86, 'Nader', 'e3b0c44298fc1c149afbf4c8996fb92427ae41e4649b934ca495991b7852b855', 'Elwyn17');
insert into "users" ("birthday", "created_at", "email", "first_name", "gender", "id", "last_name", "password_digest", "username") values ('2021-08-07 22:26:58.251', '2022-06-14 07:57:51.291', 'Tommie20@gmail.com', 'Jannie', 'male', 87, 'Schuster', 'e3b0c44298fc1c149afbf4c8996fb92427ae41e4649b934ca495991b7852b855', 'Elmira.Kautzer');
insert into "users" ("birthday", "created_at", "email", "first_name", "gender", "id", "last_name", "password_digest", "username") values ('2021-09-16 01:27:19.400', '2022-06-13 21:50:29.290', 'Aglae.Treutel76@yahoo.com', 'Vernie', 'female', 88, 'Sipes', 'e3b0c44298fc1c149afbf4c8996fb92427ae41e4649b934ca495991b7852b855', 'Lillie91');
insert into "users" ("birthday", "created_at", "email", "first_name", "gender", "id", "last_name", "password_digest", "username") values ('2021-08-10 15:05:27.515', '2022-06-13 21:30:28.371', 'Maurice9@hotmail.com', 'Freeman', 'male', 89, 'Wilkinson', 'e3b0c44298fc1c149afbf4c8996fb92427ae41e4649b934ca495991b7852b855', 'Stuart_Langworth10');
insert into "users" ("birthday", "created_at", "email", "first_name", "gender", "id", "last_name", "password_digest", "username") values ('2022-01-03 02:25:07.685', '2022-06-14 17:51:55.379', 'Kaylin_Hilll63@hotmail.com', 'Janae', 'female', 90, 'Morissette', 'e3b0c44298fc1c149afbf4c8996fb92427ae41e4649b934ca495991b7852b855', 'Floyd60');
insert into "users" ("birthday", "created_at", "email", "first_name", "gender", "id", "last_name", "password_digest", "username") values ('2022-03-25 19:54:51.370', '2022-06-13 23:16:45.828', 'Rupert33@hotmail.com', 'Cassidy', 'female', 91, 'Wyman', 'e3b0c44298fc1c149afbf4c8996fb92427ae41e4649b934ca495991b7852b855', 'Bobbie.Predovic');
insert into "users" ("birthday", "created_at", "email", "first_name", "gender", "id", "last_name", "password_digest", "username") values ('2022-05-01 02:47:47.340', '2022-06-13 22:23:28.302', 'Jasen38@yahoo.com', 'Edward', 'female', 92, 'Rath', 'e3b0c44298fc1c149afbf4c8996fb92427ae41e4649b934ca495991b7852b855', 'Kayli37');
insert into "users" ("birthday", "created_at", "email", "first_name", "gender", "id", "last_name", "password_digest", "username") values ('2021-12-06 22:21:19.346', '2022-06-14 16:46:51.042', 'Gudrun_Rowe@gmail.com', 'Gwen', 'male', 93, 'Franecki', 'e3b0c44298fc1c149afbf4c8996fb92427ae41e4649b934ca495991b7852b855', 'Theron30');
insert into "users" ("birthday", "created_at", "email", "first_name", "gender", "id", "last_name", "password_digest", "username") values ('2022-06-06 13:50:59.053', '2022-06-14 15:15:16.282', 'Carlee.Weber@yahoo.com', 'Pascale', 'female', 94, 'Wilkinson', 'e3b0c44298fc1c149afbf4c8996fb92427ae41e4649b934ca495991b7852b855', 'Leland80');
insert into "users" ("birthday", "created_at", "email", "first_name", "gender", "id", "last_name", "password_digest", "username") values ('2021-07-11 23:35:33.312', '2022-06-14 18:00:27.511', 'Myrna2@gmail.com', 'Andres', 'female', 95, 'Heidenreich', 'e3b0c44298fc1c149afbf4c8996fb92427ae41e4649b934ca495991b7852b855', 'Destinee.Tillman2');
insert into "users" ("birthday", "created_at", "email", "first_name", "gender", "id", "last_name", "password_digest", "username") values ('2021-12-04 08:37:35.327', '2022-06-14 16:08:03.161', 'Gisselle87@hotmail.com', 'Lionel', 'female', 96, 'Olson', 'e3b0c44298fc1c149afbf4c8996fb92427ae41e4649b934ca495991b7852b855', 'Garnett_Heaney10');
insert into "users" ("birthday", "created_at", "email", "first_name", "gender", "id", "last_name", "password_digest", "username") values ('2021-12-20 17:05:14.686', '2022-06-14 11:23:18.076', 'Vesta.Flatley16@hotmail.com', 'Bernhard', 'female', 97, 'Herman', 'e3b0c44298fc1c149afbf4c8996fb92427ae41e4649b934ca495991b7852b855', 'Rigoberto59');
insert into "users" ("birthday", "created_at", "email", "first_name", "gender", "id", "last_name", "password_digest", "username") values ('2022-02-06 16:06:35.287', '2022-06-14 13:59:15.768', 'Salvador_Hessel83@yahoo.com', 'Nedra', 'male', 98, 'Cummings', 'e3b0c44298fc1c149afbf4c8996fb92427ae41e4649b934ca495991b7852b855', 'Lennie.McGlynn');
insert into "users" ("birthday", "created_at", "email", "first_name", "gender", "id", "last_name", "password_digest", "username") values ('2021-12-30 18:51:28.784', '2022-06-14 15:47:51.475', 'Maximillian28@yahoo.com', 'Julianne', 'male', 99, 'Hermiston', 'e3b0c44298fc1c149afbf4c8996fb92427ae41e4649b934ca495991b7852b855', 'Eldon_Johns');
insert into "topics" ("body", "created_at", "id", "title", "user_id") values ('Architecto id autem modi.', '2022-06-14 12:09:50.532', 1, 'est iste corporis', 10);
insert into "topics" ("body", "created_at", "id", "title", "user_id") values ('Eum aut dolore aut molestias aliquid quidem. Qui sit id vel id aut aliquam et facilis numquam. Expedita laboriosam aut sit dolor quia perspiciatis dicta dolores nihil. Dolorem maiores consequuntur assumenda similique eius quis nostrum. Dolor maiores natus. Maiores labore debitis incidunt libero excepturi velit porro.', '2022-06-14 13:20:33.943', 2, 'eveniet aut facere', 15);
insert into "topics" ("body", "created_at", "id", "title", "user_id") values ('Quaerat eaque possimus eum nulla fugiat. Modi qui inventore ut voluptas ea fuga assumenda. Voluptatem porro magni accusantium ipsa eveniet voluptas.
Quia dolor ut natus provident sit. Dolores eos id eveniet nostrum molestias est vel veritatis. Et et sint dolores natus provident reprehenderit qui. Aut officiis velit qui sint doloribus incidunt beatae. Et molestias nobis. Natus culpa et aut voluptatum laboriosam omnis.
Esse sint nostrum provident ad ut a. Et minus aliquid maiores harum molestias laboriosam. Molestias veniam est qui odit.', '2022-06-14 05:24:51.657', 3, 'quia velit recusandae', 20);
insert into "topics" ("body", "created_at", "id", "title", "user_id") values ('Velit quia molestiae doloremque velit rerum odit ea. Voluptatem esse provident. Ullam voluptates cumque omnis dolor illum reiciendis.', '2022-06-14 06:11:14.373', 4, 'et ut quos', 39);
insert into "topics" ("body", "created_at", "id", "title", "user_id") values ('est', '2022-06-14 07:27:34.283', 5, 'rem sed cum', 16);
insert into "topics" ("body", "created_at", "id", "title", "user_id") values ('Explicabo inventore molestiae consequatur commodi velit quasi itaque. Qui ducimus ad. Voluptatibus dolores consequatur nemo excepturi vitae minima inventore voluptas. Quo dolorem ab eligendi qui similique suscipit aperiam eius. Et est odio iusto repellendus. Odio ea voluptatem voluptatem expedita inventore maiores ad unde.
In accusamus magnam aut at quia. Voluptates deleniti delectus qui et facilis. Aspernatur qui dolores. Maiores rerum vero vel qui excepturi beatae. Harum velit dolores esse ad.
Hic inventore maiores voluptas blanditiis repudiandae nobis nulla ea. Id nulla fuga velit. Quis est qui voluptatem. Fugit omnis est amet omnis aliquid mollitia. Esse rerum saepe et architecto doloremque id est dolores. Porro velit libero excepturi sequi ut.', '2022-06-14 17:25:44.201', 6, 'dolor fugit nobis', 71);
insert into "topics" ("body", "created_at", "id", "title", "user_id") values ('Molestiae nam aut veritatis maiores laborum. Sunt voluptates necessitatibus consequatur cum molestiae ut est rem. Unde non eum. Et recusandae nisi voluptatem. Vero aut nostrum. Voluptas consequuntur possimus.
Magnam dolor voluptatem. Qui voluptatem porro delectus dignissimos. Tempore accusantium qui et fuga dignissimos vitae esse ut. Vel error sunt et quo ipsum sapiente aliquid qui. Ratione dolor eos est aspernatur nisi voluptatem eaque quo et. Quae ipsum aut quasi molestiae dolor rerum.
Omnis non ut sit quasi sint itaque alias suscipit. Vel est sint tempore repellat ipsum nisi laborum rerum sapiente. In est dicta est velit et est et id.', '2022-06-14 01:34:02.395', 7, 'deleniti odit voluptas', 66);
insert into "topics" ("body", "created_at", "id", "title", "user_id") values ('harum commodi repudiandae', '2022-06-14 05:52:09.267', 8, 'quam placeat suscipit', 6);
insert into "topics" ("body", "created_at", "id", "title", "user_id") values ('iste', '2022-06-14 17:51:46.633', 9, 'et recusandae dolores', 10);
insert into "topics" ("body", "created_at", "id", "title", "user_id") values ('Dicta aut velit est voluptate.
Repudiandae libero deserunt voluptates fugiat dolorem est praesentium aut sunt.', '2022-06-14 16:31:08.397', 10, 'illum nemo fuga', 62);
insert into "topics" ("body", "created_at", "id", "title", "user_id") values ('Reiciendis quo repudiandae voluptatem quaerat nulla ut dolores quibusdam voluptatum. Eligendi enim tempora expedita ipsa quia. Cum in sit repellat repellat qui. Laboriosam sed placeat voluptates est ratione tempora.', '2022-06-14 04:46:36.194', 11, 'cum nulla quisquam', 38);
insert into "topics" ("body", "created_at", "id", "title", "user_id") values ('Quis vel aperiam libero qui numquam totam aliquid magni.', '2022-06-14 07:56:40.001', 12, 'odio praesentium placeat', 9);
insert into "topics" ("body", "created_at", "id", "title", "user_id") values ('quo', '2022-06-14 20:35:36.169', 13, 'laboriosam nulla neque', 96);
insert into "topics" ("body", "created_at", "id", "title", "user_id") values ('Laboriosam expedita sapiente et esse ad consectetur.', '2022-06-14 05:57:28.934', 14, 'modi recusandae quae', 31);
insert into "topics" ("body", "created_at", "id", "title", "user_id") values ('reprehenderit', '2022-06-14 18:20:34.836', 15, 'et dolores ullam', 22);
insert into "topics" ("body", "created_at", "id", "title", "user_id") values ('Vel aut et cupiditate quam labore maxime soluta quos ipsum. Eum maiores reiciendis eum.', '2022-06-14 02:47:39.997', 16, 'minima dolore ullam', 29);
insert into "topics" ("body", "created_at", "id", "title", "user_id") values ('Quasi repellat eos corrupti ipsa et natus velit. Accusantium velit tenetur voluptatum illum beatae natus et. In hic sint et facilis molestiae.', '2022-06-14 15:19:08.378', 17, 'repudiandae quaerat tempora', 20);
insert into "topics" ("body", "created_at", "id", "title", "user_id") values ('Nihil debitis eum recusandae et eveniet totam aut architecto a. Sit harum in voluptates distinctio quae. Fuga corrupti sed.
Dolorum voluptatem sed. Nihil et illum. Ullam ipsum et voluptatum fugit omnis et voluptas. Minus natus quo reiciendis dolorum in. Ipsa sint illum quia.
Consequatur sed accusamus. Qui repellat numquam. Sed consequatur fugit error in vel consequatur. Est repellat recusandae est deleniti occaecati.', '2022-06-13 21:08:18.739', 18, 'maiores in nesciunt', 11);
insert into "topics" ("body", "created_at", "id", "title", "user_id") values ('Quo repudiandae provident dignissimos minima modi delectus dignissimos. Fugiat velit eos ut cumque nihil veritatis dolorem repudiandae. Eos molestias voluptates ullam laudantium at alias et nam sit. Rerum quo blanditiis itaque. Laudantium vel quaerat enim placeat velit.', '2022-06-13 22:13:38.937', 19, 'commodi eum id', 45);
insert into "topics" ("body", "created_at", "id", "title", "user_id") values ('dolorem', '2022-06-14 06:51:49.110', 20, 'perspiciatis qui consectetur', 78);
insert into "topics" ("body", "created_at", "id", "title", "user_id") values ('Exercitationem odit dolorum nemo. Ex ipsum quasi et ut ut dolor est labore. Voluptates magni recusandae voluptatem necessitatibus hic ut. Aut fuga accusantium consequuntur ullam.', '2022-06-14 15:49:47.023', 21, 'enim aut delectus', 50);
insert into "topics" ("body", "created_at", "id", "title", "user_id") values ('Eum laudantium mollitia rem laboriosam a possimus provident.
Et mollitia ducimus ad laudantium autem ut animi libero.
Veniam voluptates vitae nostrum necessitatibus harum molestias quisquam.', '2022-06-14 20:12:32.277', 22, 'quaerat veniam voluptatibus', 74);
insert into "topics" ("body", "created_at", "id", "title", "user_id") values ('Molestiae itaque velit aut voluptas et animi aut voluptate.', '2022-06-14 02:32:45.513', 23, 'eos tenetur dolores', 35);
insert into "topics" ("body", "created_at", "id", "title", "user_id") values ('Dolor tenetur et incidunt nemo consequatur veritatis tenetur sunt eos. Molestiae sit eius error eum omnis. Voluptatem fuga doloremque sit doloribus.
Qui culpa et libero eos. Iusto repudiandae ipsa. Non magni dolore est quibusdam possimus debitis labore cum consequatur. Ex perferendis et perspiciatis voluptas est fugiat architecto laboriosam praesentium. Placeat animi dolorum beatae. Voluptatibus aut nobis dolore corporis.
Occaecati ab sunt est ut et molestiae voluptas voluptatibus. Possimus et voluptatem animi est est sed quibusdam. Deleniti ut excepturi et porro et cum.', '2022-06-14 08:54:07.588', 24, 'voluptatem commodi consequatur', 24);
insert into "topics" ("body", "created_at", "id", "title", "user_id") values ('dolores', '2022-06-14 20:36:12.963', 25, 'adipisci facilis ipsam', 27);
insert into "topics" ("body", "created_at", "id", "title", "user_id") values ('Rerum suscipit suscipit perferendis quam voluptatibus architecto et.', '2022-06-14 04:10:05.435', 26, 'totam blanditiis atque', 41);
insert into "topics" ("body", "created_at", "id", "title", "user_id") values ('Aut repellat recusandae in accusamus qui sed mollitia sunt.
Nesciunt tempora sit.
Cupiditate non modi ducimus.', '2022-06-14 13:17:19.289', 27, 'explicabo rerum architecto', 28);
insert into "topics" ("body", "created_at", "id", "title", "user_id") values ('quo', '2022-06-13 23:31:05.174', 28, 'odio iste voluptas', 82);
insert into "topics" ("body", "created_at", "id", "title", "user_id") values ('Quibusdam quo numquam natus est iste.', '2022-06-14 03:37:02.538', 29, 'soluta dolor occaecati', 2);
insert into "topics" ("body", "created_at", "id", "title", "user_id") values ('dolores ut non', '2022-06-14 19:52:19.092', 30, 'non sequi quaerat', 42);
insert into "topics" ("body", "created_at", "id", "title", "user_id") values ('Ducimus voluptas tempora quam quod. Qui alias enim autem sed. Accusantium aut autem tempore explicabo. Ducimus fuga laboriosam. Velit omnis doloremque.', '2022-06-14 15:07:44.128', 31, 'beatae sint voluptatem', 26);
insert into "topics" ("body", "created_at", "id", "title", "user_id") values ('Consectetur minima alias itaque molestiae. Ut dolorem aspernatur. Nam alias blanditiis nulla. Excepturi cupiditate ex omnis earum et harum aliquam perspiciatis. Sequi dolores laudantium qui fugiat deleniti voluptas. Recusandae distinctio repellendus inventore optio repellat ad.', '2022-06-14 06:22:18.494', 32, 'molestiae quis voluptatem', 57);
insert into "topics" ("body", "created_at", "id", "title", "user_id") values ('natus omnis facilis', '2022-06-14 08:49:02.260', 33, 'et repellendus debitis', 48);
insert into "topics" ("body", "created_at", "id", "title", "user_id") values ('Magnam ullam vitae blanditiis. Quia distinctio unde excepturi asperiores explicabo quasi distinctio aut soluta.', '2022-06-14 19:15:00.514', 34, 'quod aspernatur libero', 27);
insert into "topics" ("body", "created_at", "id", "title", "user_id") values ('Qui illo error qui dolorum excepturi modi magni iste.', '2022-06-14 03:50:48.186', 35, 'necessitatibus ratione qui', 21);
insert into "topics" ("body", "created_at", "id", "title", "user_id") values ('Architecto nisi sit modi asperiores rem id debitis voluptates. Porro vitae fugit recusandae quibusdam vel porro cumque consectetur. Velit aspernatur laborum repellat et doloremque. Doloribus corporis et laborum aut eligendi ut molestiae aliquam. Accusantium odit tenetur sed quod molestiae vel. Architecto nobis vel omnis odio similique dolores odit ut.
Nostrum molestiae quo. Laboriosam excepturi maiores distinctio sunt sit natus delectus libero. Modi voluptatum odio ut esse recusandae temporibus delectus. Quasi et quidem perferendis cum nam nemo quibusdam ad. Ratione voluptatem velit quaerat amet fugiat.
Consectetur voluptatem dolorem voluptate perferendis minima magni corrupti aut hic. Corporis explicabo odit. Et iusto sint totam magnam nam. Id quas itaque facere quis molestiae vel veritatis perspiciatis a. Velit dolorem veritatis modi error eius magni consequatur.', '2022-06-14 07:50:46.213', 36, 'nobis eum nam', 14);
insert into "topics" ("body", "created_at", "id", "title", "user_id") values ('Doloribus nihil quas laboriosam ipsam quam rem et earum. Est suscipit ullam qui doloremque beatae qui. Quia sunt blanditiis temporibus in. Ratione dolore nobis. Non omnis et eligendi eos delectus. Omnis qui quidem inventore expedita.', '2022-06-14 02:21:33.055', 37, 'non dolorem omnis', 32);
insert into "topics" ("body", "created_at", "id", "title", "user_id") values ('Odio odit rerum magnam est eius occaecati.', '2022-06-14 12:43:51.425', 38, 'ut ex aut', 26);
insert into "topics" ("body", "created_at", "id", "title", "user_id") values ('Et autem sed autem fugit incidunt. Possimus beatae iure repellat ea nihil quos eos ipsam sequi.', '2022-06-13 20:41:43.771', 39, 'voluptatem asperiores nihil', 90);
insert into "topics" ("body", "created_at", "id", "title", "user_id") values ('Fuga sed rerum voluptates. Ut quia ut pariatur atque voluptate animi ut voluptatem ut. Est vel ea non ex recusandae culpa nulla provident odio. Rerum eaque doloremque aut placeat nihil temporibus. Quis dicta nihil magni consequatur deleniti optio maxime. Distinctio saepe reiciendis voluptatem neque ex iure.', '2022-06-14 07:36:01.225', 40, 'qui eum aliquam', 13);
insert into "topics" ("body", "created_at", "id", "title", "user_id") values ('A sit dolorem eaque. Dolores consequatur quo sit. Qui harum ut architecto. Laboriosam deleniti maxime id labore animi iure voluptas animi voluptatibus. Sint asperiores quidem at occaecati qui consequatur repellat ex.', '2022-06-14 01:09:48.358', 41, 'nihil eius id', 19);
insert into "topics" ("body", "created_at", "id", "title", "user_id") values ('Omnis necessitatibus voluptatibus officia qui velit possimus qui.', '2022-06-14 15:22:54.201', 42, 'quasi ex asperiores', 36);
insert into "topics" ("body", "created_at", "id", "title", "user_id") values ('provident non asperiores', '2022-06-14 11:53:06.349', 43, 'sunt quibusdam recusandae', 89);
insert into "topics" ("body", "created_at", "id", "title", "user_id") values ('quisquam laboriosam commodi', '2022-06-14 13:05:45.276', 44, 'doloribus et voluptatem', 17);
insert into "topics" ("body", "created_at", "id", "title", "user_id") values ('sit', '2022-06-14 03:48:20.576', 45, 'vel accusamus hic', 40);
insert into "topics" ("body", "created_at", "id", "title", "user_id") values ('Et omnis qui officiis.', '2022-06-14 08:40:57.688', 46, 'est dignissimos vero', 25);
insert into "topics" ("body", "created_at", "id", "title", "user_id") values ('Maxime dolorum repudiandae qui.', '2022-06-14 12:14:27.692', 47, 'incidunt ipsum velit', 82);
insert into "topics" ("body", "created_at", "id", "title", "user_id") values ('Saepe iste ratione quasi facilis mollitia aliquam aliquam repudiandae ipsa. Dolor animi et incidunt nostrum consequatur id minus voluptate mollitia. Eveniet deleniti ad nostrum vitae doloremque aliquid est. Neque aut laborum ratione odit porro nostrum est. Et repellat modi accusamus. Veniam doloribus necessitatibus sit cupiditate inventore rerum est commodi.
Sit amet est. Non eaque aspernatur cum reiciendis modi temporibus eius nostrum et. Quia vel dolore doloribus. Odio quia perspiciatis ut quia ab. Nihil quidem molestiae quo fuga provident aut. Veniam aliquam expedita optio possimus non eos est.
Non vero odio adipisci culpa quis. Modi natus sit dolor. Dolore sunt quia. Alias tempore maxime officia aut mollitia suscipit aspernatur earum.', '2022-06-13 21:24:03.677', 48, 'delectus excepturi voluptas', 12);
insert into "topics" ("body", "created_at", "id", "title", "user_id") values ('animi', '2022-06-14 19:07:49.794', 49, 'quia consequatur aspernatur', 59);
insert into "courses" ("body", "created_at", "id", "name") values ('Ipsam voluptas omnis saepe qui repellendus. Quia amet tempore. Atque voluptatem voluptatibus dolores rem optio tempora non voluptatem quam. Omnis non ea. Veritatis consequuntur eveniet eaque numquam dignissimos sunt. Nostrum id ut porro.', '2022-06-14 18:22:02.496', 1, 'rem odio qui');
insert into "courses" ("body", "created_at", "id", "name") values ('Sit nostrum id ea est dolores dolorum. Consequatur mollitia qui est doloribus et reiciendis corporis dolor. Mollitia adipisci sapiente voluptas quia sunt laudantium quia.
Ut odio quae ea reprehenderit omnis et a suscipit. Praesentium dolorem modi quo iusto odit iusto fugiat earum. Corrupti maxime aut consequatur saepe aliquid quos consequuntur omnis. Quod consectetur molestias quos est. Adipisci consequatur repudiandae doloremque.
Doloremque numquam consectetur sint adipisci ipsam et quia. Qui perferendis qui omnis. Eius enim reprehenderit molestiae provident. Atque rerum dolor architecto sapiente. Eius molestiae reiciendis.', '2022-06-14 06:21:33.220', 2, 'laudantium temporibus rem');
insert into "courses" ("body", "created_at", "id", "name") values ('neque', '2022-06-14 13:48:22.470', 3, 'eius autem sit');
insert into "courses" ("body", "created_at", "id", "name") values ('Iure quas ex ex amet aut ipsa veniam. A provident at autem possimus doloribus ipsa sint enim sed. Assumenda enim vitae.', '2022-06-14 13:07:14.736', 4, 'fugiat sint est');
insert into "courses" ("body", "created_at", "id", "name") values ('Ad necessitatibus voluptates.
Et rem qui.
Magnam aut velit quis vero maiores recusandae esse.
Asperiores sunt explicabo dolores error sit quibusdam.', '2022-06-14 05:27:35.108', 5, 'et dignissimos aut');
insert into "courses" ("body", "created_at", "id", "name") values ('et', '2022-06-14 01:41:16.196', 6, 'consequatur consequatur consequatur');
insert into "courses" ("body", "created_at", "id", "name") values ('Fugiat earum id perspiciatis. Pariatur atque alias earum. Quia non ut aliquam saepe quod. Et aspernatur blanditiis quis voluptatem facere maxime saepe laboriosam. Qui nulla atque perferendis tempora sunt.
Molestias veniam aut ullam quibusdam aliquid hic est sequi ipsum. Aut cum necessitatibus rerum. Assumenda perferendis quo ut praesentium eos. Ea quidem praesentium earum mollitia. Aut voluptatum architecto repellendus sed quia.
Inventore sit aut eveniet quos minus. Laboriosam rerum voluptatem consequatur perspiciatis nihil. Recusandae deserunt sint reprehenderit soluta sapiente unde quisquam consectetur voluptatum. Perferendis rerum et ut aut. Est est occaecati quibusdam. Est doloribus ipsa debitis amet nihil ut expedita aspernatur.', '2022-06-14 13:53:54.298', 7, 'sit rerum excepturi');
insert into "courses" ("body", "created_at", "id", "name") values ('Veritatis magni maxime quos eaque quod neque ut hic.
Excepturi ducimus harum excepturi.
Qui et sed beatae omnis beatae dicta laborum molestiae.
Voluptatem ex iure.
Tempore cum mollitia veritatis quis magni quibusdam.', '2022-06-14 14:54:54.384', 8, 'dolorem odio aut');
insert into "courses" ("body", "created_at", "id", "name") values ('eum nostrum veniam', '2022-06-13 23:14:24.731', 9, 'aut doloribus harum');
insert into "courses" ("body", "created_at", "id", "name") values ('Ipsum dolore numquam omnis eos ducimus nostrum.', '2022-06-13 21:52:20.526', 10, 'sit molestiae officia');
insert into "courses" ("body", "created_at", "id", "name") values ('Illo est et et molestias quibusdam voluptatem cum. Explicabo omnis ipsam. Voluptatum consequatur doloremque excepturi eius. Qui sunt deleniti. Rerum quidem molestias ea harum et vitae possimus odio. Cum nostrum reiciendis velit.
Culpa aperiam repellat ullam cupiditate esse consequuntur et rerum. Repudiandae ut ad a praesentium enim voluptatem omnis molestias. Corrupti deserunt culpa.
Qui consequuntur quos praesentium commodi officia qui sint ut rerum. Fugit iure et rem mollitia. Iure qui quo nesciunt earum voluptatum quo rerum voluptatem. Hic molestiae ea eum rerum accusantium minus. Quidem delectus dolore adipisci.', '2022-06-13 21:31:23.933', 11, 'consequatur laboriosam sunt');
insert into "courses" ("body", "created_at", "id", "name") values ('dolor veniam dignissimos', '2022-06-14 18:58:02.470', 12, 'reprehenderit quidem illum');
insert into "courses" ("body", "created_at", "id", "name") values ('Qui at odit quo eos dignissimos alias id. Odio quasi repellendus eos architecto ipsam debitis est iusto. Quam deserunt et accusantium dolores enim unde non deleniti nihil. Incidunt quaerat voluptatem maiores omnis voluptatem dignissimos. Quis quibusdam suscipit consequatur in earum mollitia nisi qui blanditiis.', '2022-06-14 08:24:51.101', 13, 'alias error nobis');
insert into "courses" ("body", "created_at", "id", "name") values ('Quibusdam molestias dolor sed. Aut eveniet et hic quisquam maiores officia omnis. Perspiciatis sapiente porro natus voluptatem rerum eaque est unde. Enim voluptatum est asperiores voluptas corrupti est optio et est.
Sit architecto earum vitae adipisci earum non odio voluptas sed. Tenetur voluptates blanditiis porro atque officia ab deserunt. Nam beatae consequatur dolorem dolore tempore aut consequatur aliquam.
Hic deleniti et omnis. Cumque autem temporibus. Vel dolorum vel est aliquam aspernatur debitis omnis.', '2022-06-14 19:42:50.593', 14, 'blanditiis sed et');
insert into "courses" ("body", "created_at", "id", "name") values ('repellendus', '2022-06-14 11:29:24.899', 15, 'provident labore autem');
insert into "courses" ("body", "created_at", "id", "name") values ('optio', '2022-06-14 10:50:22.885', 16, 'aspernatur est mollitia');
insert into "courses" ("body", "created_at", "id", "name") values ('similique laudantium voluptatem', '2022-06-14 09:59:22.871', 17, 'laboriosam facere ipsum');
insert into "courses" ("body", "created_at", "id", "name") values ('Qui autem sed omnis veniam quos nisi qui accusantium. Consequatur et eaque non et quaerat. Molestiae praesentium veniam.', '2022-06-14 14:38:53.553', 18, 'neque nihil sint');
insert into "courses" ("body", "created_at", "id", "name") values ('Quisquam nostrum et molestiae rerum ipsa. Accusamus quaerat sunt. Velit nostrum tenetur iure voluptatum velit velit. Explicabo consequuntur illum molestiae sequi nihil consequatur. Culpa natus sed est consequatur fuga qui et id at. Enim inventore ut blanditiis et alias.', '2022-06-14 18:37:28.409', 19, 'commodi eum libero');
insert into "courses" ("body", "created_at", "id", "name") values ('Quis hic quas quod maxime est quod sint. Saepe ducimus aliquid eum blanditiis cumque rem est adipisci fugiat. Qui perferendis ea et sapiente perferendis sed. Soluta voluptatem et corporis sed voluptatum. Ex quis animi. Ut excepturi odio sit illum.
Dolores molestiae eveniet. Aut delectus ut cumque occaecati. Ipsa non suscipit omnis expedita quia animi nostrum rem. Quae ut corporis consequuntur expedita mollitia sunt. Enim vel quis dicta reprehenderit excepturi. Praesentium voluptas sunt est voluptatum totam quia atque.
Minima corporis id est et et molestias qui in illo. Id quisquam ducimus rem est voluptatibus. Unde dolores error eum. Fugit qui optio vel et perferendis mollitia architecto.', '2022-06-14 15:08:06.742', 20, 'delectus sapiente ea');
insert into "courses" ("body", "created_at", "id", "name") values ('Voluptate iusto ex iste est optio. Qui eveniet consequatur et. Ipsam autem perferendis voluptates quaerat illum dicta deleniti deserunt. Voluptas aut voluptatum reprehenderit et. A eius atque.
Occaecati a repellat iste rerum sed ab quae sit distinctio. Accusamus odit veritatis modi officia ipsum. Optio aliquid autem aut ut voluptatem qui placeat.
Rerum iusto mollitia. Repellendus nesciunt nobis ut minus necessitatibus deleniti eius earum. Aut et voluptates laudantium sapiente autem asperiores. Laboriosam sit quis aut aspernatur. Labore sed inventore totam consequuntur repudiandae. Nihil officia deleniti eos eos quidem laboriosam officiis.', '2022-06-14 10:49:33.260', 21, 'est modi hic');
insert into "courses" ("body", "created_at", "id", "name") values ('Consequuntur et ea voluptas ut dolor eos. Qui sunt temporibus quia nihil. Labore harum ipsa magni necessitatibus non reiciendis. Est magni sequi quo. Est similique repellendus maxime. Non sit rerum ut deleniti itaque.', '2022-06-14 18:55:45.522', 22, 'reprehenderit perferendis eum');
insert into "courses" ("body", "created_at", "id", "name") values ('Nihil sequi voluptas atque in quo quaerat aut. Tempore quibusdam hic excepturi magnam sit maxime aut quibusdam ut. Voluptatem sed excepturi et aut itaque. Dolores vel perspiciatis.
Error rem voluptas voluptatem modi nulla possimus inventore doloribus minus. Occaecati sunt aut esse aperiam quo et provident. Aperiam rerum eius et tempora aut id. Eum aut dolorem vitae quis omnis ut unde temporibus sit.
Nemo ut dolores vel amet iure quos reprehenderit. Eveniet a perspiciatis non vel. Officia non sed tempora nihil. Esse voluptatem praesentium. Voluptatem provident accusamus recusandae eveniet deleniti labore eius. Tempore necessitatibus voluptatum animi velit.', '2022-06-14 19:51:40.117', 23, 'est dicta earum');
insert into "courses" ("body", "created_at", "id", "name") values ('Ut veritatis adipisci et.
Quae ducimus assumenda.
Ullam qui dignissimos corrupti.
Ipsum est fugit.
Sunt porro autem in numquam.', '2022-06-14 01:04:02.217', 24, 'temporibus harum praesentium');
insert into "courses" ("body", "created_at", "id", "name") values ('quia', '2022-06-14 06:54:07.113', 25, 'consequatur accusantium fugit');
insert into "courses" ("body", "created_at", "id", "name") values ('pariatur vero qui', '2022-06-14 17:49:11.292', 26, 'ut iste praesentium');
insert into "courses" ("body", "created_at", "id", "name") values ('At est mollitia a sint blanditiis facilis magnam est quos.
Dolor aut accusantium.
Veritatis commodi qui qui placeat porro animi officiis possimus nulla.
Laboriosam quod minima quo.', '2022-06-14 09:31:27.750', 27, 'tempora eaque aut');
insert into "courses" ("body", "created_at", "id", "name") values ('eaque', '2022-06-14 04:52:19.274', 28, 'facere nam officia');
insert into "courses" ("body", "created_at", "id", "name") values ('Voluptas numquam et praesentium ullam.', '2022-06-14 06:14:35.872', 29, 'et veritatis similique');
insert into "courses" ("body", "created_at", "id", "name") values ('Possimus ut eius eos reprehenderit quo est.', '2022-06-13 23:15:18.622', 30, 'repudiandae nemo in');
insert into "courses" ("body", "created_at", "id", "name") values ('Aut magni est quaerat.', '2022-06-14 16:25:28.870', 31, 'optio hic et');
insert into "courses" ("body", "created_at", "id", "name") values ('Neque eius itaque officiis perferendis praesentium similique sunt assumenda dolorem.', '2022-06-14 19:58:27.657', 32, 'et beatae exercitationem');
insert into "courses" ("body", "created_at", "id", "name") values ('Ea quae quo ut ad non maxime accusamus culpa.
Sit tempora iusto ut similique voluptas error sed.', '2022-06-14 03:19:12.673', 33, 'nulla cupiditate fuga');
insert into "courses" ("body", "created_at", "id", "name") values ('Et ipsam totam.', '2022-06-14 06:37:30.487', 34, 'vel vitae consequatur');
insert into "courses" ("body", "created_at", "id", "name") values ('Nihil nam nihil sit eum cumque nesciunt odit.
Nisi consectetur placeat nihil quibusdam.
Iure unde qui amet quibusdam nihil.
Velit et magnam corrupti.
Aperiam praesentium similique quo debitis molestiae ipsa sed ab in.', '2022-06-14 02:26:57.234', 35, 'ut est et');
insert into "courses" ("body", "created_at", "id", "name") values ('Consequuntur ut hic reprehenderit molestias ut quis. Aut mollitia ratione consectetur ut iure vel veniam tenetur quia. Laboriosam fuga consequuntur. Quod blanditiis dolorum.', '2022-06-14 10:16:23.610', 36, 'doloribus iusto ex');
insert into "courses" ("body", "created_at", "id", "name") values ('Qui sit quia quasi qui nulla eaque voluptas. Ut quo a ut inventore atque sint nisi facilis. Autem officiis voluptatem ad cum et. Illum ut dolores qui culpa eum velit saepe.', '2022-06-14 04:57:01.870', 37, 'voluptatem et qui');
insert into "courses" ("body", "created_at", "id", "name") values ('Excepturi assumenda dolores quia quidem culpa tenetur qui. Est perferendis quas ut dolores esse. Ut placeat saepe nihil. Reiciendis numquam nostrum accusamus maxime. Vitae autem placeat sed sed.
Dolor nihil ducimus architecto. Voluptas fugiat autem eligendi voluptatem quia ullam voluptatum molestiae dicta. Aliquid eum sit dolores quidem quibusdam dolorem harum dolores quia. Ducimus corporis aliquam aut consequatur adipisci blanditiis unde dolorum. Iste quis iusto non est. Consequatur illum laudantium tempore assumenda voluptates.
Quia aliquam eum quae sit rerum. In eveniet illo quo eaque temporibus eum doloremque doloremque dignissimos. Nemo placeat ad.', '2022-06-13 23:07:01.316', 38, 'dolores illo deleniti');
insert into "courses" ("body", "created_at", "id", "name") values ('Quasi soluta officia occaecati minima perferendis.
Officia consequatur quis rerum recusandae consequatur illum.
Facilis saepe debitis soluta ea laboriosam esse rerum repellat at.
Voluptatem quisquam quibusdam possimus molestias ad assumenda sunt debitis nihil.', '2022-06-14 20:09:52.136', 39, 'incidunt suscipit dolores');
insert into "courses" ("body", "created_at", "id", "name") values ('Officia odio modi aut. Sed possimus voluptatibus expedita odit ut sed autem saepe. Eius a doloribus modi nostrum corporis mollitia facere aut ratione. Aspernatur totam soluta corporis laboriosam sit.
Totam laudantium voluptatum consequatur qui. Praesentium neque saepe cupiditate sit reprehenderit. Est voluptatem accusamus et sit voluptates sapiente sit accusantium. Eveniet ducimus enim officiis ipsa dignissimos inventore et.
Tenetur ut sit repellat atque nisi iste aut. Culpa omnis necessitatibus. Quaerat aut ipsa et non qui sapiente repudiandae. Amet velit quibusdam pariatur dignissimos iure cum fuga.', '2022-06-14 05:28:32.497', 40, 'animi est quos');
insert into "courses" ("body", "created_at", "id", "name") values ('atque aut et', '2022-06-14 06:29:41.496', 41, 'sint et dicta');
insert into "courses" ("body", "created_at", "id", "name") values ('Neque et non voluptatum modi. Accusantium odit asperiores voluptatem maiores. Eligendi voluptatum debitis. Vel ducimus molestiae.', '2022-06-13 23:28:42.392', 42, 'ad rerum esse');
insert into "courses" ("body", "created_at", "id", "name") values ('Dolor in qui nulla et nulla quae.', '2022-06-13 23:22:02.741', 43, 'fugiat consequatur omnis');
insert into "courses" ("body", "created_at", "id", "name") values ('Consectetur maiores dolores omnis aut nisi rerum eaque nihil. Quis mollitia ipsam ratione veritatis odit nemo. Sit magnam atque in iure explicabo ea repudiandae optio.', '2022-06-14 12:13:03.307', 44, 'voluptatem sequi eum');
insert into "courses" ("body", "created_at", "id", "name") values ('blanditiis', '2022-06-14 04:09:19.750', 45, 'quod deserunt esse');
insert into "courses" ("body", "created_at", "id", "name") values ('distinctio', '2022-06-14 03:04:47.612', 46, 'totam adipisci ad');
insert into "courses" ("body", "created_at", "id", "name") values ('Earum dolorem eius omnis ipsa et tempora quia omnis.', '2022-06-14 08:30:51.332', 47, 'voluptates temporibus ipsa');
insert into "courses" ("body", "created_at", "id", "name") values ('quia', '2022-06-13 20:56:29.868', 48, 'sed facere officia');
insert into "courses" ("body", "created_at", "id", "name") values ('Magni recusandae quisquam. A et qui cupiditate unde numquam aliquam. Aliquid nisi aut. At ipsam consequatur reiciendis qui enim iure.
Aspernatur asperiores sed cumque. Aperiam sint esse quasi error. Voluptatibus sed provident sint reprehenderit. Omnis sunt ea ea quia occaecati veniam amet. Aut omnis dolore vel magnam ad omnis ea. Voluptas delectus vitae quibusdam impedit debitis ea quo quia.
Eaque voluptatem placeat alias quod quasi dignissimos placeat qui soluta. Cupiditate non facilis. In voluptatem voluptatem. Blanditiis veritatis cupiditate cupiditate maiores temporibus.', '2022-06-14 20:13:48.323', 49, 'in ea sit');
insert into "courses" ("body", "created_at", "id", "name") values ('praesentium', '2022-06-14 11:53:29.450', 50, 'accusamus atque autem');
insert into "courses" ("body", "created_at", "id", "name") values ('Nesciunt earum facilis perferendis. Minima dicta suscipit in sed aut. Ad et et consequatur enim tempore sit. Quod qui suscipit voluptatibus et doloremque voluptate.
Facilis nesciunt dolor. Tempora enim magni sunt totam aut voluptatibus. Et omnis culpa.
Voluptas tenetur non id. Quia nesciunt rerum commodi. Vero enim adipisci fugiat. Qui ea voluptatibus fuga vitae possimus.', '2022-06-13 22:39:14.632', 51, 'eligendi itaque vel');
insert into "courses" ("body", "created_at", "id", "name") values ('Rerum temporibus praesentium autem est natus quia sint aspernatur. Quia sequi omnis aperiam nemo modi est recusandae a veniam. Cupiditate iste cumque possimus porro et perferendis sint. Vel non facilis voluptas. Dolores quas impedit ab. Quaerat dolorem est voluptas suscipit maxime qui.', '2022-06-14 03:48:31.638', 52, 'corrupti sed dignissimos');
insert into "courses" ("body", "created_at", "id", "name") values ('expedita', '2022-06-14 17:12:15.231', 53, 'ratione in dolore');
insert into "courses" ("body", "created_at", "id", "name") values ('porro', '2022-06-13 23:39:43.342', 54, 'sunt qui quia');
insert into "courses" ("body", "created_at", "id", "name") values ('Et eligendi nisi. In expedita et repudiandae occaecati aliquam quis. Dolores pariatur harum velit eos. Quaerat distinctio ut fugit et nisi exercitationem sit atque hic.', '2022-06-14 15:54:13.174', 55, 'mollitia ex dolor');
insert into "courses" ("body", "created_at", "id", "name") values ('Eos nobis maxime.', '2022-06-14 13:57:50.976', 56, 'alias eos aut');
insert into "courses" ("body", "created_at", "id", "name") values ('Consequatur aliquam impedit est ut est modi reprehenderit. Sit enim voluptatum voluptatem non dolores laboriosam. Ut et officia magni fuga deserunt ullam temporibus. Optio et quas asperiores quod accusantium et autem. Ut ut quae minus. Dolores omnis laboriosam voluptas et.', '2022-06-14 19:47:37.962', 57, 'dolore sed esse');
insert into "courses" ("body", "created_at", "id", "name") values ('Ad expedita qui facere repudiandae qui quis earum. Perspiciatis magni est quibusdam et nihil beatae sed quis. Fuga qui voluptas velit ut et quo nihil illo corrupti. Possimus sunt amet quis asperiores. Quisquam dolorem amet accusantium pariatur magnam molestias.
Doloremque rerum eveniet ipsa voluptatem ab non labore. Ullam impedit perferendis natus soluta necessitatibus nihil animi quaerat. Consequatur est dolorem provident.
Hic officia nesciunt. Repudiandae repudiandae illum. Ut cumque ducimus quia deleniti. Ab voluptatem fugit quibusdam et. Aut nostrum iusto sed sunt.', '2022-06-13 23:17:50.587', 58, 'provident nesciunt perspiciatis');
insert into "courses" ("body", "created_at", "id", "name") values ('quo', '2022-06-14 15:23:49.607', 59, 'inventore eum dignissimos');
insert into "courses" ("body", "created_at", "id", "name") values ('Sit quo et aspernatur beatae et dolores velit placeat. Eos facere molestiae. Quidem quas est facere vel autem quia accusantium. Non ipsum et omnis facere quibusdam ut assumenda et et.
Consectetur ut pariatur porro occaecati minima similique porro eveniet. At corporis accusantium consequatur non ducimus iure laudantium. Fuga ipsa est. Voluptatibus eveniet voluptatem sit vero dolores.
Consequuntur minima dolorem debitis beatae odio. Eos ea cumque ad deleniti id labore illo. Libero quia ut. Ut neque consequuntur quos aut voluptas. At voluptatem est et.', '2022-06-14 06:42:25.259', 60, 'delectus nisi itaque');
insert into "courses" ("body", "created_at", "id", "name") values ('Quaerat sint veniam tempore autem veniam temporibus non repudiandae laboriosam.
Reprehenderit eum accusamus ut ut voluptates et voluptatem voluptatem sunt.
Distinctio labore quibusdam maxime sit mollitia ea dolor.
Hic aut vel.', '2022-06-14 17:03:26.990', 61, 'et vero iure');
insert into "courses" ("body", "created_at", "id", "name") values ('Vitae nam voluptates quos debitis quas. Vero quia veritatis placeat dolor debitis illum. Qui nemo voluptatibus. Delectus debitis voluptas expedita mollitia non magnam omnis hic. Eligendi tempore laudantium quibusdam temporibus.', '2022-06-14 10:07:25.533', 62, 'iusto dolor architecto');
insert into "courses" ("body", "created_at", "id", "name") values ('Quasi non voluptas quis aliquid sed. Repudiandae blanditiis dolor ratione minus dolorem. Consequatur fuga illo. Laborum illo ut qui et est. Sit dolorem dolorum aut praesentium molestiae. Aliquam vel aperiam.', '2022-06-14 00:24:00.027', 63, 'iure rerum aliquam');
insert into "courses" ("body", "created_at", "id", "name") values ('Quia ut iure placeat tempora ducimus sint doloremque et deleniti.', '2022-06-14 02:47:23.670', 64, 'sint id voluptas');
insert into "courses" ("body", "created_at", "id", "name") values ('ab', '2022-06-14 12:04:50.752', 65, 'sunt et ea');
insert into "courses" ("body", "created_at", "id", "name") values ('Repellat eos consequuntur doloribus sapiente doloremque. Saepe qui tempora. Ullam enim amet voluptatibus voluptas pariatur in modi cupiditate odit. Commodi ea qui voluptatum voluptatem cum.', '2022-06-13 21:29:30.809', 66, 'velit itaque quia');
insert into "courses" ("body", "created_at", "id", "name") values ('Velit cumque similique.', '2022-06-14 12:25:27.306', 67, 'velit voluptatem saepe');
insert into "courses" ("body", "created_at", "id", "name") values ('Ut modi recusandae.
Nam explicabo ut quidem consequuntur rerum quis vel eum omnis.
Sit ullam culpa qui voluptates est sit dolorum.
Error commodi occaecati maiores.', '2022-06-14 09:26:20.579', 68, 'qui accusantium nam');
insert into "courses" ("body", "created_at", "id", "name") values ('Doloribus molestiae quia eveniet maiores commodi.', '2022-06-14 05:21:31.789', 69, 'dolor reprehenderit aut');
insert into "courses" ("body", "created_at", "id", "name") values ('Molestiae harum labore.', '2022-06-14 02:46:52.385', 70, 'omnis accusamus ut');
insert into "courses" ("body", "created_at", "id", "name") values ('Optio sed vitae veniam iste maiores. Et et nesciunt error odit quaerat cum. Consectetur sint omnis natus mollitia aut odit. Totam sunt dolores at saepe laborum aut beatae esse. Omnis assumenda nostrum facilis optio in consectetur error.', '2022-06-14 19:29:29.499', 71, 'aspernatur itaque quae');
insert into "courses" ("body", "created_at", "id", "name") values ('Molestias dolor ut nulla.
Veniam et laboriosam quaerat excepturi id voluptas tempora qui.
Et doloribus necessitatibus.
Eum est excepturi.
Dicta enim et quia ad velit assumenda autem.', '2022-06-13 23:11:37.068', 72, 'ut est debitis');
insert into "courses" ("body", "created_at", "id", "name") values ('asperiores', '2022-06-14 12:54:13.229', 73, 'eligendi voluptatum adipisci');
insert into "courses" ("body", "created_at", "id", "name") values ('Quis sed corrupti. Soluta consequatur distinctio esse dicta suscipit. Eum fugiat culpa sint repellat veritatis et error consectetur vel. Ut sint voluptatum. Sunt eligendi quos quia ut dolore.', '2022-06-14 17:16:49.500', 74, 'doloribus voluptatibus et');
insert into "courses" ("body", "created_at", "id", "name") values ('Voluptatum dignissimos voluptatem. Porro incidunt fugiat. Qui molestiae inventore est voluptas deleniti sit doloremque. Fugit velit qui.', '2022-06-14 10:18:37.913', 75, 'modi voluptate molestias');
insert into "courses" ("body", "created_at", "id", "name") values ('Molestiae earum magni ut quibusdam ut consequatur illo. Quae doloremque voluptates quas corrupti. Saepe explicabo ut est tempore molestiae velit recusandae.', '2022-06-14 05:21:03.119', 76, 'autem impedit dolores');
insert into "courses" ("body", "created_at", "id", "name") values ('autem', '2022-06-14 00:57:29.450', 77, 'velit expedita suscipit');
insert into "courses" ("body", "created_at", "id", "name") values ('Est ipsa sed est aliquid. Soluta molestiae odit voluptatibus quos. Provident laudantium est in. Id eum mollitia voluptatem aut occaecati aliquam quo.', '2022-06-13 23:19:26.014', 78, 'ut iusto mollitia');
insert into "courses" ("body", "created_at", "id", "name") values ('Eum accusantium delectus eum. Accusamus quia quo blanditiis explicabo ut sed molestiae id. Maiores et et nulla iste quas sapiente explicabo harum qui.
Dolorum eaque et omnis et veritatis reiciendis. Aperiam inventore maxime porro illo vero mollitia. Delectus et ut. Repudiandae eum rerum quam blanditiis earum beatae et id repellendus. Illo iste libero. Reprehenderit ipsam voluptas explicabo nisi.
Iste mollitia maxime. Illo sit ut quibusdam omnis quaerat consequatur quam. Atque ipsa similique repellat laboriosam.', '2022-06-14 06:31:16.136', 79, 'eligendi nulla ut');
insert into "courses" ("body", "created_at", "id", "name") values ('Ut assumenda voluptatem quidem et architecto. Suscipit quod et quod cum. Cupiditate et quis. Corporis minima voluptas in temporibus sit sit nihil.', '2022-06-14 02:53:55.891', 80, 'atque fugiat esse');
insert into "courses" ("body", "created_at", "id", "name") values ('Natus suscipit quisquam magni ut soluta molestiae voluptatum ea. Cupiditate est ratione repellat nihil autem placeat illum ut. Temporibus natus facilis enim sequi temporibus et.', '2022-06-14 00:29:02.543', 81, 'fugit ducimus qui');
insert into "courses" ("body", "created_at", "id", "name") values ('ut assumenda eum', '2022-06-14 04:45:09.461', 82, 'voluptate molestias earum');
insert into "courses" ("body", "created_at", "id", "name") values ('Voluptatem velit hic aut libero dolore aut nihil ut. Molestias eos qui nam beatae aut nulla doloribus vero culpa. Quae enim tenetur consectetur ut id. Sint et deserunt aut aliquam perspiciatis ex. Quis id doloribus eum sint est repellat rerum beatae.', '2022-06-14 12:45:18.335', 83, 'vel hic provident');
insert into "courses" ("body", "created_at", "id", "name") values ('Quae cupiditate modi reprehenderit et et praesentium neque. Veritatis voluptatum harum dolores soluta.', '2022-06-14 03:09:41.056', 84, 'nesciunt ut nisi');
insert into "courses" ("body", "created_at", "id", "name") values ('consequuntur', '2022-06-13 21:41:26.480', 85, 'eos eligendi eveniet');
insert into "courses" ("body", "created_at", "id", "name") values ('Omnis unde modi molestiae et assumenda autem et.
Quis repellendus illum eaque dolorum fugit sit libero quia eos.
Sed voluptatem nam similique nostrum adipisci animi.
Cumque explicabo et.', '2022-06-14 18:31:57.170', 86, 'ipsam hic asperiores');
insert into "courses" ("body", "created_at", "id", "name") values ('Magni qui accusantium sint excepturi. Quis labore ad. Qui assumenda optio id. Fugiat eum laborum illum voluptatum repellendus officia voluptate. Nemo in consequatur laboriosam distinctio aut quis atque reprehenderit quidem.', '2022-06-14 07:45:20.885', 87, 'velit error quos');
insert into "courses" ("body", "created_at", "id", "name") values ('Et illo suscipit aut fugit alias et eveniet modi.
Similique est corporis quia voluptatem velit necessitatibus illo veniam.
Eos sint minus.
Magni velit dolores soluta et exercitationem rerum distinctio qui accusamus.', '2022-06-14 18:44:34.704', 88, 'vitae ab ut');
insert into "courses" ("body", "created_at", "id", "name") values ('incidunt qui fugiat', '2022-06-14 04:13:56.735', 89, 'molestiae et quibusdam');
insert into "courses" ("body", "created_at", "id", "name") values ('ad aperiam consequatur', '2022-06-14 12:53:54.125', 90, 'autem quasi ab');
insert into "courses" ("body", "created_at", "id", "name") values ('Veniam quas unde quod consequuntur quae aut.
Unde nihil culpa quia ipsum quia.
Eum quis earum qui.
Eligendi qui error ea eos dolorem.', '2022-06-14 15:37:25.560', 91, 'itaque doloribus nostrum');
insert into "courses" ("body", "created_at", "id", "name") values ('adipisci', '2022-06-14 07:41:00.676', 92, 'aliquam rem qui');
insert into "courses" ("body", "created_at", "id", "name") values ('Sunt sapiente maiores officia qui amet ad modi. Est repellat minus dolor error temporibus enim. Sapiente aut quisquam non et eum nam minus ut quo. Nam dolor modi sit repellat necessitatibus occaecati at praesentium fuga. Nobis aut exercitationem voluptas itaque. Itaque illum debitis nisi voluptatum vel repudiandae error.', '2022-06-14 13:28:17.775', 93, 'quidem harum facere');
insert into "courses" ("body", "created_at", "id", "name") values ('ad', '2022-06-14 05:54:21.062', 94, 'sit ullam eaque');
insert into "courses" ("body", "created_at", "id", "name") values ('laborum', '2022-06-13 22:35:02.137', 95, 'sunt qui dicta');
insert into "courses" ("body", "created_at", "id", "name") values ('Assumenda quis aut eum. Accusantium est magnam molestias eos provident dolorem. Commodi totam nisi cum dolore. Quia dolor molestiae. Excepturi fuga quas veniam eveniet illo labore dolorem est fuga.
Aut et delectus error. Minus rem sapiente ut necessitatibus modi eum sunt. Hic sunt quia et dicta. Natus voluptatum ab in suscipit dolor iste minima eius.
Labore dolorem necessitatibus quia. Sapiente doloremque dignissimos nesciunt dolores. Unde et ab adipisci qui et. Nobis quo aut consequatur. Quam architecto in at aut explicabo. Est non dolorum.', '2022-06-14 08:59:59.261', 96, 'necessitatibus enim quo');
insert into "courses" ("body", "created_at", "id", "name") values ('Distinctio omnis consequuntur aperiam officia nam.
Est sint natus.', '2022-06-14 14:25:07.358', 97, 'commodi ipsum maxime');
insert into "courses" ("body", "created_at", "id", "name") values ('In eos adipisci saepe nulla ipsum. Perspiciatis eligendi officiis. Cumque sint cumque tenetur nesciunt alias magni deleniti. Et dignissimos asperiores tenetur qui iusto quae. Quibusdam iure sequi doloribus ab aliquam dolorem eum impedit non. Nesciunt similique veniam ipsum officia eligendi voluptate.', '2022-06-14 05:59:28.968', 98, 'repellendus in ut');
insert into "courses" ("body", "created_at", "id", "name") values ('Deleniti dolorem iure est praesentium voluptatem corporis.', '2022-06-14 05:58:54.295', 99, 'ipsam qui facilis');
insert into "course_members" ("course_id", "created_at", "id", "user_id") values (47, '2022-06-14 02:30:14.619', 1, 26);
insert into "course_members" ("course_id", "created_at", "id", "user_id") values (48, '2022-06-14 11:29:09.843', 2, 85);
insert into "course_members" ("course_id", "created_at", "id", "user_id") values (54, '2022-06-14 17:52:45.628', 3, 37);
insert into "course_members" ("course_id", "created_at", "id", "user_id") values (97, '2022-06-14 16:17:37.773', 4, 5);
insert into "course_members" ("course_id", "created_at", "id", "user_id") values (69, '2022-06-14 17:27:13.520', 5, 27);
insert into "course_members" ("course_id", "created_at", "id", "user_id") values (42, '2022-06-14 18:05:31.080', 6, 85);
insert into "course_members" ("course_id", "created_at", "id", "user_id") values (63, '2022-06-14 04:42:46.312', 7, 27);
insert into "course_members" ("course_id", "created_at", "id", "user_id") values (28, '2022-06-14 14:13:28.508', 8, 95);
insert into "course_members" ("course_id", "created_at", "id", "user_id") values (46, '2022-06-14 01:40:26.224', 9, 19);
insert into "course_members" ("course_id", "created_at", "id", "user_id") values (54, '2022-06-14 07:23:40.535', 10, 69);
insert into "course_members" ("course_id", "created_at", "id", "user_id") values (54, '2022-06-14 18:59:14.759', 11, 9);
insert into "course_members" ("course_id", "created_at", "id", "user_id") values (44, '2022-06-14 19:13:07.303', 12, 30);
insert into "course_members" ("course_id", "created_at", "id", "user_id") values (24, '2022-06-14 06:12:30.079', 13, 17);
insert into "course_members" ("course_id", "created_at", "id", "user_id") values (69, '2022-06-13 21:04:55.997', 14, 81);
insert into "course_members" ("course_id", "created_at", "id", "user_id") values (67, '2022-06-14 01:25:52.992', 15, 38);
insert into "course_members" ("course_id", "created_at", "id", "user_id") values (65, '2022-06-14 20:26:30.130', 16, 70);
insert into "course_members" ("course_id", "created_at", "id", "user_id") values (15, '2022-06-14 13:21:58.235', 17, 31);
insert into "course_members" ("course_id", "created_at", "id", "user_id") values (71, '2022-06-14 06:28:46.954', 18, 43);
insert into "course_members" ("course_id", "created_at", "id", "user_id") values (61, '2022-06-14 11:29:56.984', 19, 45);
insert into "course_members" ("course_id", "created_at", "id", "user_id") values (69, '2022-06-14 06:04:16.100', 20, 34);
insert into "course_members" ("course_id", "created_at", "id", "user_id") values (12, '2022-06-14 11:36:10.374', 21, 4);
insert into "course_members" ("course_id", "created_at", "id", "user_id") values (28, '2022-06-14 02:13:26.417', 22, 13);
insert into "course_members" ("course_id", "created_at", "id", "user_id") values (95, '2022-06-14 12:29:06.480', 23, 69);
insert into "course_members" ("course_id", "created_at", "id", "user_id") values (26, '2022-06-14 13:37:44.497', 24, 76);
insert into "course_members" ("course_id", "created_at", "id", "user_id") values (85, '2022-06-14 01:48:24.185', 25, 71);
insert into "course_members" ("course_id", "created_at", "id", "user_id") values (48, '2022-06-13 21:28:51.510', 26, 31);
insert into "course_members" ("course_id", "created_at", "id", "user_id") values (77, '2022-06-14 16:34:32.318', 27, 55);
insert into "course_members" ("course_id", "created_at", "id", "user_id") values (60, '2022-06-14 03:08:14.702', 28, 38);
insert into "course_members" ("course_id", "created_at", "id", "user_id") values (99, '2022-06-13 22:03:07.810', 29, 70);
insert into "course_members" ("course_id", "created_at", "id", "user_id") values (54, '2022-06-14 08:35:32.800', 30, 63);
insert into "course_members" ("course_id", "created_at", "id", "user_id") values (10, '2022-06-14 06:40:23.565', 31, 19);
insert into "course_members" ("course_id", "created_at", "id", "user_id") values (75, '2022-06-14 04:43:34.637', 32, 91);
insert into "course_members" ("course_id", "created_at", "id", "user_id") values (64, '2022-06-13 23:22:52.901', 33, 84);
insert into "course_members" ("course_id", "created_at", "id", "user_id") values (80, '2022-06-14 18:18:09.144', 34, 3);
insert into "course_members" ("course_id", "created_at", "id", "user_id") values (51, '2022-06-14 11:30:33.401', 35, 20);
insert into "course_members" ("course_id", "created_at", "id", "user_id") values (46, '2022-06-14 19:48:22.587', 36, 50);
insert into "course_members" ("course_id", "created_at", "id", "user_id") values (80, '2022-06-14 02:55:56.843', 37, 24);
insert into "course_members" ("course_id", "created_at", "id", "user_id") values (78, '2022-06-14 14:42:19.201', 38, 35);
insert into "course_members" ("course_id", "created_at", "id", "user_id") values (55, '2022-06-14 12:23:25.912', 39, 2);
insert into "course_members" ("course_id", "created_at", "id", "user_id") values (72, '2022-06-14 17:10:18.164', 40, 48);
insert into "course_members" ("course_id", "created_at", "id", "user_id") values (23, '2022-06-14 19:19:46.007', 41, 5);
insert into "course_members" ("course_id", "created_at", "id", "user_id") values (53, '2022-06-14 19:32:16.823', 42, 53);
insert into "course_members" ("course_id", "created_at", "id", "user_id") values (12, '2022-06-13 21:41:33.465', 43, 65);
insert into "course_members" ("course_id", "created_at", "id", "user_id") values (22, '2022-06-14 12:41:34.198', 44, 25);
insert into "course_members" ("course_id", "created_at", "id", "user_id") values (96, '2022-06-14 00:04:12.221', 45, 23);
insert into "course_members" ("course_id", "created_at", "id", "user_id") values (54, '2022-06-14 13:50:41.333', 46, 80);
insert into "course_members" ("course_id", "created_at", "id", "user_id") values (59, '2022-06-14 03:52:36.104', 47, 99);
insert into "course_members" ("course_id", "created_at", "id", "user_id") values (2, '2022-06-14 10:48:45.491', 48, 5);
insert into "course_members" ("course_id", "created_at", "id", "user_id") values (59, '2022-06-14 19:56:58.350', 49, 82);
insert into "course_reviews" ("body", "course_id", "course_member_id", "created_at", "id", "rating", "spent_minutes", "user_id") values ('Excepturi soluta qui quas sint dicta ipsam repellat eum omnis. Dolorem repellat minus accusamus deleniti voluptates. Qui magnam provident esse ex recusandae veniam quae harum. Est fugit sunt mollitia quis cum ad nesciunt molestias consequuntur.', 2, 1, '2023-04-27 03:53:55.015', 1, 4, 48, 68);
insert into "course_reviews" ("body", "course_id", "course_member_id", "created_at", "id", "rating", "spent_minutes", "user_id") values ('modi ea placeat', 17, 2, '2023-04-27 17:11:50.268', 2, 5, 93, 29);
insert into "course_reviews" ("body", "course_id", "course_member_id", "created_at", "id", "rating", "spent_minutes", "user_id") values ('Exercitationem blanditiis facilis sunt dignissimos quas laborum. Blanditiis ipsa molestias quia necessitatibus laudantium. Molestiae odit aliquam officia quaerat dicta quia similique repellendus pariatur. Odio quos placeat provident incidunt velit consequuntur. Minus beatae dolor officia laborum magnam explicabo. Voluptatem eum iure aperiam deserunt eaque voluptatibus.
Suscipit vero ut reiciendis voluptatibus. Aliquam amet quo. Neque cumque tenetur modi. Nobis commodi atque cum. Quae eligendi non est.
Sequi aliquam minima. Vero ex quidem ab nulla reprehenderit architecto quam sit ullam. Suscipit autem nesciunt repellendus repellendus non ipsa nesciunt eos numquam. In asperiores laudantium non esse iure omnis modi.', 9, 3, '2023-04-27 15:32:38.031', 3, 5, 39, 47);
insert into "course_reviews" ("body", "course_id", "course_member_id", "created_at", "id", "rating", "spent_minutes", "user_id") values ('labore', 71, 4, '2023-04-27 06:51:13.315', 4, 1, 58, 64);
insert into "course_reviews" ("body", "course_id", "course_member_id", "created_at", "id", "rating", "spent_minutes", "user_id") values ('Quisquam molestiae voluptatibus nulla aperiam eum odit fuga quis.', 26, 5, '2023-04-26 23:34:18.265', 5, 2, 28, 51);
insert into "course_reviews" ("body", "course_id", "course_member_id", "created_at", "id", "rating", "spent_minutes", "user_id") values ('Deleniti repudiandae cumque architecto hic cupiditate quo ea.
Inventore quidem dignissimos commodi sequi sint explicabo ea.
Modi porro vero.', 93, 6, '2023-04-27 00:32:39.510', 6, 5, 3, 30);
insert into "course_reviews" ("body", "course_id", "course_member_id", "created_at", "id", "rating", "spent_minutes", "user_id") values ('Eos minus tempora possimus. Unde ea nihil accusamus. Illo libero mollitia ducimus voluptas cumque at quas. Tenetur voluptatum atque eaque officia.', 60, 7, '2023-04-27 18:49:07.375', 7, 2, 64, 92);
insert into "course_reviews" ("body", "course_id", "course_member_id", "created_at", "id", "rating", "spent_minutes", "user_id") values ('Libero asperiores similique libero labore est impedit quibusdam eaque.', 78, 8, '2023-04-27 00:20:34.476', 8, 5, 27, 75);
insert into "course_reviews" ("body", "course_id", "course_member_id", "created_at", "id", "rating", "spent_minutes", "user_id") values ('inventore vel quisquam', 45, 9, '2023-04-27 15:35:45.052', 9, 4, 97, 45);
insert into "course_reviews" ("body", "course_id", "course_member_id", "created_at", "id", "rating", "spent_minutes", "user_id") values ('Corrupti nihil deserunt asperiores mollitia dolorum.', 18, 10, '2023-04-27 13:13:55.062', 10, 3, 86, 96);
insert into "course_reviews" ("body", "course_id", "course_member_id", "created_at", "id", "rating", "spent_minutes", "user_id") values ('Dignissimos incidunt fugit consequuntur corrupti.', 64, 11, '2023-04-27 07:36:50.153', 11, 3, 37, 85);
insert into "course_reviews" ("body", "course_id", "course_member_id", "created_at", "id", "rating", "spent_minutes", "user_id") values ('Eligendi assumenda voluptas voluptates voluptatem at mollitia consequatur. Similique est repellat nesciunt est praesentium aperiam repudiandae eveniet. Odit perferendis unde impedit. Veritatis alias culpa numquam esse autem reprehenderit architecto quas ab. Ipsam distinctio placeat perferendis perspiciatis quaerat consectetur eaque possimus eum. Vitae earum vero natus aperiam excepturi magni dicta iusto repudiandae.', 33, 12, '2023-04-27 12:43:47.332', 12, 2, 9, 3);
insert into "course_reviews" ("body", "course_id", "course_member_id", "created_at", "id", "rating", "spent_minutes", "user_id") values ('Quas culpa facere nulla magnam ab dicta architecto soluta culpa.
Ab earum nulla asperiores qui alias odio.', 46, 13, '2023-04-27 08:48:10.687', 13, 4, 56, 80);
insert into "course_reviews" ("body", "course_id", "course_member_id", "created_at", "id", "rating", "spent_minutes", "user_id") values ('ab', 71, 14, '2023-04-27 16:59:10.633', 14, 1, 91, 94);
insert into "course_reviews" ("body", "course_id", "course_member_id", "created_at", "id", "rating", "spent_minutes", "user_id") values ('eaque consequatur fuga', 34, 15, '2023-04-27 07:41:27.243', 15, 5, 75, 24);
insert into "course_reviews" ("body", "course_id", "course_member_id", "created_at", "id", "rating", "spent_minutes", "user_id") values ('nihil distinctio quidem', 43, 16, '2023-04-27 08:08:01.476', 16, 2, 57, 55);
insert into "course_reviews" ("body", "course_id", "course_member_id", "created_at", "id", "rating", "spent_minutes", "user_id") values ('Deleniti eaque neque incidunt. Dolores nemo suscipit debitis nisi. Consectetur eos sit pariatur eos provident numquam id recusandae aperiam. In nesciunt eum soluta minima deleniti fugit at. Quas laudantium quae temporibus enim recusandae dolorem esse. Neque repellendus provident quo.', 78, 17, '2023-04-27 17:13:12.635', 17, 1, 94, 22);
insert into "course_reviews" ("body", "course_id", "course_member_id", "created_at", "id", "rating", "spent_minutes", "user_id") values ('mollitia', 30, 18, '2023-04-26 21:28:05.343', 18, 4, 17, 51);
insert into "course_reviews" ("body", "course_id", "course_member_id", "created_at", "id", "rating", "spent_minutes", "user_id") values ('labore facilis rerum', 90, 19, '2023-04-27 04:23:42.784', 19, 2, 72, 46);
insert into "course_reviews" ("body", "course_id", "course_member_id", "created_at", "id", "rating", "spent_minutes", "user_id") values ('Beatae nulla laboriosam blanditiis nulla veniam ex. Nulla qui quis accusamus repellendus amet vel alias reiciendis ea. Magnam nemo dicta ex nobis aspernatur dolorum. Dolor consequuntur porro numquam voluptas enim veniam perspiciatis accusamus explicabo. Illo velit vero culpa facere fugit molestias consectetur perspiciatis ad. Quasi illum accusantium odit.
Sed autem corrupti. Consequuntur error cum eveniet. Possimus assumenda expedita dolore voluptas.
Nulla voluptatem eligendi dolor voluptates distinctio dolorum culpa. Impedit aliquid adipisci tempora dolore saepe ullam tenetur reprehenderit. Autem dignissimos numquam optio nostrum ipsam non quae dolorem iusto.', 81, 20, '2023-04-27 02:31:58.015', 20, 2, 4, 23);
insert into "course_reviews" ("body", "course_id", "course_member_id", "created_at", "id", "rating", "spent_minutes", "user_id") values ('Distinctio magni debitis nostrum alias amet facere incidunt. Excepturi dolorem illo eum amet. Ducimus sunt laboriosam officiis a.', 82, 21, '2023-04-26 20:31:42.642', 21, 3, 27, 16);
insert into "course_reviews" ("body", "course_id", "course_member_id", "created_at", "id", "rating", "spent_minutes", "user_id") values ('Laudantium ipsum dolor.
Numquam rem quia quis occaecati asperiores optio.', 47, 22, '2023-04-27 01:37:38.438', 22, 2, 96, 52);
insert into "course_reviews" ("body", "course_id", "course_member_id", "created_at", "id", "rating", "spent_minutes", "user_id") values ('eos', 50, 23, '2023-04-27 14:57:24.974', 23, 3, 68, 4);
insert into "course_reviews" ("body", "course_id", "course_member_id", "created_at", "id", "rating", "spent_minutes", "user_id") values ('Itaque delectus saepe placeat voluptatem nemo ducimus.', 99, 24, '2023-04-27 10:42:45.279', 24, 3, 61, 79);
insert into "course_reviews" ("body", "course_id", "course_member_id", "created_at", "id", "rating", "spent_minutes", "user_id") values ('quam', 6, 25, '2023-04-27 19:08:41.617', 25, 1, 54, 9);
insert into "course_reviews" ("body", "course_id", "course_member_id", "created_at", "id", "rating", "spent_minutes", "user_id") values ('Deserunt tenetur ipsam. Sunt maiores quas quod omnis amet neque voluptas beatae. Nostrum placeat distinctio praesentium molestias reiciendis ratione sunt. Delectus nihil repellat deleniti consectetur accusantium hic. Accusamus rerum culpa esse id ullam eos.
Porro nihil nobis sit eligendi occaecati voluptatibus ducimus. Occaecati ullam amet fugit odio atque nostrum quae voluptates. Voluptates est labore possimus fuga doloribus reiciendis. Hic sed dolor error dolore in repudiandae.
Quam recusandae mollitia vero dolores rerum. Alias dolores pariatur consequuntur officiis aliquid porro aliquid fuga nulla. Placeat rerum illum inventore sapiente ab repellendus.', 51, 26, '2023-04-26 21:49:21.359', 26, 4, 13, 78);
insert into "course_reviews" ("body", "course_id", "course_member_id", "created_at", "id", "rating", "spent_minutes", "user_id") values ('Suscipit perferendis dolor quos vero. Dolorum cumque recusandae. Officiis quibusdam beatae.', 28, 27, '2023-04-26 23:34:44.579', 27, 3, 31, 80);
insert into "course_reviews" ("body", "course_id", "course_member_id", "created_at", "id", "rating", "spent_minutes", "user_id") values ('Amet recusandae sint nostrum cum saepe itaque asperiores tempora.', 33, 28, '2023-04-27 07:44:40.229', 28, 2, 69, 1);
insert into "course_reviews" ("body", "course_id", "course_member_id", "created_at", "id", "rating", "spent_minutes", "user_id") values ('Eos eveniet eos nam. Rem accusantium dolores quas dicta. Nihil ut ea ducimus. Dolor assumenda recusandae. Alias consequuntur reprehenderit cupiditate reprehenderit ea aperiam voluptatum eos.', 22, 29, '2023-04-27 10:32:09.814', 29, 5, 15, 9);
insert into "course_reviews" ("body", "course_id", "course_member_id", "created_at", "id", "rating", "spent_minutes", "user_id") values ('Nisi eius beatae asperiores nesciunt temporibus. Sapiente inventore voluptas quis sunt architecto eaque. Dolor perferendis at rerum quia sed. Ratione distinctio et optio provident eaque mollitia maiores.', 53, 30, '2023-04-27 14:49:28.161', 30, 3, 6, 92);
insert into "course_reviews" ("body", "course_id", "course_member_id", "created_at", "id", "rating", "spent_minutes", "user_id") values ('Nesciunt in voluptatum saepe earum quasi reiciendis. Consequatur blanditiis quia deserunt omnis laborum. Explicabo dolorum omnis reprehenderit eligendi quibusdam. Nam expedita possimus. Distinctio officia vel totam dolore totam eaque praesentium aut aliquid.
Cumque exercitationem excepturi numquam. Placeat nisi eligendi quo odit aperiam saepe. Provident aspernatur autem aperiam placeat voluptates vitae ea cum at. Asperiores accusamus nobis voluptas sint.
Perspiciatis qui vero atque architecto rem debitis. Cupiditate ullam ut. Debitis placeat veritatis quis nisi harum at vel quasi libero.', 90, 31, '2023-04-26 22:05:10.727', 31, 3, 8, 9);
insert into "course_reviews" ("body", "course_id", "course_member_id", "created_at", "id", "rating", "spent_minutes", "user_id") values ('Illum recusandae veniam beatae ab porro tempore aliquam repudiandae amet. Tempore totam assumenda. Modi explicabo dolorum officiis odio suscipit sed earum laboriosam. Ullam commodi ducimus vitae officiis ullam harum nesciunt accusamus. Porro incidunt at ea id autem necessitatibus.', 4, 32, '2023-04-27 13:01:12.559', 32, 2, 81, 62);
insert into "course_reviews" ("body", "course_id", "course_member_id", "created_at", "id", "rating", "spent_minutes", "user_id") values ('vero mollitia sit', 3, 33, '2023-04-27 04:49:27.653', 33, 2, 66, 72);
insert into "course_reviews" ("body", "course_id", "course_member_id", "created_at", "id", "rating", "spent_minutes", "user_id") values ('Esse a alias illum voluptates quam vero eius.', 32, 34, '2023-04-27 19:05:00.264', 34, 1, 16, 79);
insert into "course_reviews" ("body", "course_id", "course_member_id", "created_at", "id", "rating", "spent_minutes", "user_id") values ('Dicta odit mollitia debitis molestias sed eos laboriosam eum. Tempora aut ex eius. Modi rem error iusto. Sit doloribus qui adipisci consequatur asperiores.', 79, 35, '2023-04-27 09:56:56.883', 35, 1, 77, 28);
insert into "course_reviews" ("body", "course_id", "course_member_id", "created_at", "id", "rating", "spent_minutes", "user_id") values ('Fugiat voluptate consequuntur esse eos id tempora suscipit aut. Magnam velit est repellendus a quo mollitia accusantium accusantium eveniet. Pariatur cum libero facilis. Facilis adipisci distinctio.', 69, 36, '2023-04-27 14:52:11.069', 36, 4, 29, 47);
insert into "course_reviews" ("body", "course_id", "course_member_id", "created_at", "id", "rating", "spent_minutes", "user_id") values ('Culpa aspernatur ab aliquam illum voluptate cumque neque. Animi ut similique dolore.', 24, 37, '2023-04-26 19:45:56.916', 37, 1, 83, 34);
insert into "course_reviews" ("body", "course_id", "course_member_id", "created_at", "id", "rating", "spent_minutes", "user_id") values ('placeat', 57, 38, '2023-04-26 21:49:03.498', 38, 2, 66, 66);
insert into "course_reviews" ("body", "course_id", "course_member_id", "created_at", "id", "rating", "spent_minutes", "user_id") values ('Et enim dolore cumque deleniti illo et ex. Nemo voluptatum doloribus. Libero optio voluptate sequi in libero. Unde adipisci pariatur porro tempore libero minima. Occaecati ullam doloribus deleniti illum maiores. Harum cum voluptatem quae debitis.', 37, 39, '2023-04-26 23:18:44.953', 39, 2, 63, 56);
insert into "course_reviews" ("body", "course_id", "course_member_id", "created_at", "id", "rating", "spent_minutes", "user_id") values ('omnis harum distinctio', 88, 40, '2023-04-27 13:45:14.433', 40, 4, 1, 2);
insert into "course_reviews" ("body", "course_id", "course_member_id", "created_at", "id", "rating", "spent_minutes", "user_id") values ('Ex aliquam possimus ipsum culpa adipisci rerum accusamus. Ab fugit exercitationem possimus aliquid illum. Reprehenderit culpa minima. Culpa delectus doloremque aliquam mollitia doloribus aspernatur eligendi.', 58, 41, '2023-04-26 22:45:05.144', 41, 1, 39, 47);
insert into "course_reviews" ("body", "course_id", "course_member_id", "created_at", "id", "rating", "spent_minutes", "user_id") values ('Incidunt nesciunt id. Accusamus distinctio quis dolor in atque. Similique possimus repellendus numquam quo distinctio vitae. Iste quo dolorem ex temporibus. Hic delectus consectetur quibusdam porro accusantium aliquam doloribus quas. Exercitationem voluptatibus deserunt consectetur earum explicabo aperiam modi sapiente odit.', 63, 42, '2023-04-27 14:43:39.125', 42, 5, 33, 50);
insert into "course_reviews" ("body", "course_id", "course_member_id", "created_at", "id", "rating", "spent_minutes", "user_id") values ('Nam ratione nemo incidunt perferendis. Accusamus qui perspiciatis voluptatum accusantium nesciunt dolores ipsum. Dolorem fugiat occaecati corrupti veritatis ratione officia. Doloremque deleniti quis eum impedit dignissimos quas dolorem. Adipisci tempore perspiciatis illo labore quas sequi aliquam.', 26, 43, '2023-04-27 09:04:02.329', 43, 4, 27, 67);
insert into "course_reviews" ("body", "course_id", "course_member_id", "created_at", "id", "rating", "spent_minutes", "user_id") values ('Debitis itaque veritatis recusandae omnis molestias nemo.
Molestias doloremque natus minima provident.
Sequi cum nesciunt minus tenetur totam provident.
Autem earum cupiditate ex adipisci incidunt deserunt voluptate eum corporis.
Minima cupiditate consectetur iure distinctio aliquid quas voluptas.', 72, 44, '2023-04-26 21:57:35.268', 44, 4, 50, 96);
insert into "course_reviews" ("body", "course_id", "course_member_id", "created_at", "id", "rating", "spent_minutes", "user_id") values ('Facilis sapiente modi itaque incidunt necessitatibus atque. Distinctio optio incidunt deleniti dignissimos commodi distinctio maxime. Aut facere commodi pariatur mollitia occaecati eveniet aspernatur. Porro sit quod numquam unde recusandae. Vel repellendus similique reprehenderit expedita beatae laudantium id eos.
Fugiat soluta deserunt porro. Iusto illo nemo necessitatibus accusantium. Minus eaque quidem fuga veniam aut.
Facere dicta impedit. Qui commodi voluptatibus autem nemo ad et aperiam ex. Perspiciatis repellendus eaque pariatur. Quam modi rem. Mollitia adipisci rem labore in eos adipisci rem temporibus.', 75, 45, '2023-04-27 08:03:11.993', 45, 2, 69, 30);
insert into "course_reviews" ("body", "course_id", "course_member_id", "created_at", "id", "rating", "spent_minutes", "user_id") values ('Soluta quos nemo impedit eaque optio libero excepturi dicta qui. Voluptatum fugit ut quam. Iusto vero fuga dolorum pariatur similique velit cupiditate. Ipsa maxime tempora id fuga fugiat.', 2, 46, '2023-04-27 08:29:48.324', 46, 3, 100, 69);
insert into "course_reviews" ("body", "course_id", "course_member_id", "created_at", "id", "rating", "spent_minutes", "user_id") values ('Occaecati placeat repudiandae quasi inventore modi. Natus deleniti dolores neque culpa veritatis expedita iusto. Reprehenderit deserunt autem maiores. Iste dolorum a.', 68, 47, '2023-04-27 11:43:49.836', 47, 3, 44, 39);
insert into "course_reviews" ("body", "course_id", "course_member_id", "created_at", "id", "rating", "spent_minutes", "user_id") values ('Facilis maiores repudiandae quas quod necessitatibus minus a.
Quasi natus aspernatur doloremque quasi et.
Deserunt esse error placeat quas.', 62, 48, '2023-04-27 06:11:43.743', 48, 3, 50, 19);
insert into "course_reviews" ("body", "course_id", "course_member_id", "created_at", "id", "rating", "spent_minutes", "user_id") values ('Nisi qui provident totam asperiores. Minima eum consequuntur harum repudiandae. Eveniet nisi est totam provident. Animi harum aspernatur vero. Accusantium pariatur sed non ratione iusto. Aperiam beatae nesciunt adipisci veritatis molestiae ut nisi blanditiis.', 31, 49, '2023-04-27 09:44:41.064', 49, 1, 59, 2);